grande_area,area,sub_area,espec
ENGENHARIAS,,,
ENGENHARIAS,,,
ENGENHARIAS,,,
ENGENHARIAS,,,
CIENCIAS_DA_SAUDE,,,
ENGENHARIAS,Projetos de Máquinas,Projetos de Máquinas,
ENGENHARIAS,,,
ENGENHARIAS,,,
ENGENHARIAS,,,
ENGENHARIAS,,,
ENGENHARIAS,Materiais e Processos para Engenharia Aeronáutica e Aeroespacial,Materiais e Processos para Engenharia Aeronáutica e Aeroespacial,
ENGENHARIAS,Processos de Fabricação,Processos de Fabricação,
ENGENHARIAS,,,
ENGENHARIAS,Processos de Fabricação,Processos de Fabricação,
ENGENHARIAS,,,
CIENCIAS_HUMANAS,,,
CIENCIAS_HUMANAS,Geografia Humana,Geografia Humana,
CIENCIAS_HUMANAS,Geografia Humana,Geografia Humana,Geografia Política
CIENCIAS_HUMANAS,Geografia Humana,Geografia Humana,
CIENCIAS_HUMANAS,Geografia Humana,Geografia Humana,História do Pensamento Geográfico
ENGENHARIAS,Eletrônica Industrial\, Sistemas e Controles Eletrônicos,Eletrônica Industrial\, Sistemas e Controles Eletrônicos,Controle de Processos Eletrônicos\, Retroalimentação
CIENCIAS_EXATAS_E_DA_TERRA,,,
CIENCIAS_HUMANAS,,,
ENGENHARIAS,Sistemas Elétricos de Potência,Sistemas Elétricos de Potência,
ENGENHARIAS,,,
ENGENHARIAS,Sistemas Elétricos de Potência,Sistemas Elétricos de Potência,
CIENCIAS_AGRARIAS,Ciência do Solo,Ciência do Solo,Fertilidade do Solo e Adubação
CIENCIAS_AGRARIAS,Ciência do Solo,Ciência do Solo,Fertilidade do Solo e Adubação
CIENCIAS_AGRARIAS,Ciência do Solo,Ciência do Solo,Nutrição Mineral de Plantas
CIENCIAS_AGRARIAS,Ciência do Solo,Ciência do Solo,Química do Solo
CIENCIAS_EXATAS_E_DA_TERRA,Instrumentação Astronômica,Instrumentação Astronômica,
CIENCIAS_EXATAS_E_DA_TERRA,Instrumentação Astronômica,Instrumentação Astronômica,
CIENCIAS_EXATAS_E_DA_TERRA,,,
ENGENHARIAS,Projetos de Máquinas,Projetos de Máquinas,Máquinas\, Motores e Equipamentos
LINGUISTICA_LETRAS_E_ARTES,Literatura Comparada,Literatura Comparada,
LINGUISTICA_LETRAS_E_ARTES,Teoria Literária,Teoria Literária,
LINGUISTICA_LETRAS_E_ARTES,Semiótica da Literatura,Semiótica da Literatura,
CIENCIAS_SOCIAIS_APLICADAS,Semiótica da Literatura,Semiótica da Literatura,
LINGUISTICA_LETRAS_E_ARTES,Teoria Literária,Teoria Literária,
LINGUISTICA_LETRAS_E_ARTES,Semiótica da Cultura,Semiótica da Cultura,
ENGENHARIAS,Compósitos,Compósitos,Sinterização Com Reação
ENGENHARIAS,Compósitos,Compósitos,Microestruturas
CIENCIAS_EXATAS_E_DA_TERRA,Metodologia e Técnicas da Computação,Metodologia e Técnicas da Computação,Banco de Dados
CIENCIAS_AGRARIAS,,,
CIENCIAS_HUMANAS,,,
CIENCIAS_HUMANAS,,,
CIENCIAS_EXATAS_E_DA_TERRA,Química Orgânica,Química Orgânica,Química dos Produtos Naturais
CIENCIAS_EXATAS_E_DA_TERRA,Química Orgânica,Química Orgânica,Química dos Produtos Naturais
CIENCIAS_EXATAS_E_DA_TERRA,Química Orgânica,Química Orgânica,
CIENCIAS_EXATAS_E_DA_TERRA,Química Orgânica,Química Orgânica,Síntese Orgânica
CIENCIAS_EXATAS_E_DA_TERRA,Química Orgânica,Química Orgânica,Química dos Produtos Naturais
CIENCIAS_EXATAS_E_DA_TERRA,Química Orgânica,Química Orgânica,
CIENCIAS_EXATAS_E_DA_TERRA,Sistemas de Computação,Sistemas de Computação,Arquitetura de Sistemas de Computação
CIENCIAS_EXATAS_E_DA_TERRA,Sistemas de Computação,Sistemas de Computação,Arquitetura de Sistemas de Computação
CIENCIAS_EXATAS_E_DA_TERRA,Física Geral,Física Geral,Física Clássica e Física Quântica; Mecânica e Campos
CIENCIAS_EXATAS_E_DA_TERRA,Física Geral,Física Geral,Física Clássica e Física Quântica; Mecânica e Campos
CIENCIAS_EXATAS_E_DA_TERRA,Física da Matéria Condensada,Física da Matéria Condensada,Ressonância Mag. e Relax. na Mat. Condens; Efeitos Mosbauer; Corr. Ang. Pertubada
CIENCIAS_EXATAS_E_DA_TERRA,Física da Matéria Condensada,Física da Matéria Condensada,Ressonância Mag. e Relax. na Mat. Condens; Efeitos Mosbauer; Corr. Ang. Pertubada
CIENCIAS_EXATAS_E_DA_TERRA,,,
CIENCIAS_AGRARIAS,Medicina Veterinária Preventiva,Medicina Veterinária Preventiva,Doenças Parasitárias de Animais
CIENCIAS_AGRARIAS,Medicina Veterinária Preventiva,Medicina Veterinária Preventiva,Epidemiologia Animal
CIENCIAS_AGRARIAS,Medicina Veterinária Preventiva,Medicina Veterinária Preventiva,Saúde Animal (Programas Sanitários)
CIENCIAS_AGRARIAS,Medicina Veterinária Preventiva,Medicina Veterinária Preventiva,Doenças Parasitárias de Animais
CIENCIAS_AGRARIAS,Medicina Veterinária Preventiva,Medicina Veterinária Preventiva,Epidemiologia Animal
CIENCIAS_AGRARIAS,Medicina Veterinária Preventiva,Medicina Veterinária Preventiva,Saúde Animal (Programas Sanitários)
CIENCIAS_EXATAS_E_DA_TERRA,Física da Matéria Condensada,Física da Matéria Condensada,Propriedades Térmicas da Matéria Condensada
ENGENHARIAS,Materiais Não-Metálicos,Materiais Não-Metálicos,Materiais Conjugados Não-Metálicos
ENGENHARIAS,Engenharia Térmica,Engenharia Térmica,Aproveitamento da Energia
ENGENHARIAS,Engenharia Térmica,Engenharia Térmica,Aproveitamento da Energia
ENGENHARIAS,Materiais Não-Metálicos,Materiais Não-Metálicos,Materiais Conjugados Não-Metálicos
ENGENHARIAS,Engenharia Térmica,Engenharia Térmica,Termodinâmica
CIENCIAS_EXATAS_E_DA_TERRA,,,
CIENCIAS_EXATAS_E_DA_TERRA,Redes de Computadores,Redes de Computadores,
CIENCIAS_EXATAS_E_DA_TERRA,Gerenciamento de Redes,Gerenciamento de Redes,
ENGENHARIAS,,,
ENGENHARIAS,Telecomunicações,Telecomunicações,
ENGENHARIAS,Telecomunicações,Telecomunicações,Sistemas de Telecomunicações
ENGENHARIAS,,,
CIENCIAS_AGRARIAS,Ciência de Alimentos,Ciência de Alimentos,Fisiologia Pós-Colheita
CIENCIAS_AGRARIAS,Ciência de Alimentos,Ciência de Alimentos,Química\, Física\, Fisico-Química e Bioquímica dos Alim. e das Mat-Primas Alimentares
CIENCIAS_BIOLOGICAS,Química de Macromoléculas,Química de Macromoléculas,
ENGENHARIAS,Projetos de Máquinas,Projetos de Máquinas,
CIENCIAS_DA_SAUDE,,,
ENGENHARIAS,Bioengenharia,Bioengenharia,
ENGENHARIAS,Materiais Não-Metálicos,Materiais Não-Metálicos,Cerâmicos
ENGENHARIAS,,,
ENGENHARIAS,,,
ENGENHARIAS,Projetos de Máquinas,Projetos de Máquinas,Métodos de Síntese e Otimização Aplicados ao Projeto Mecânico
CIENCIAS_AGRARIAS,Propagação de plantas,Propagação de plantas,
CIENCIAS_AGRARIAS,Microbiologia do Solo,Microbiologia do Solo,
CIENCIAS_AGRARIAS,Ciência do Solo,Ciência do Solo,Fertilidade do Solo e Adubação
CIENCIAS_AGRARIAS,Plantas Medicinais,Plantas Medicinais,
CIENCIAS_AGRARIAS,Microbiologia do Solo,Microbiologia do Solo,
CIENCIAS_AGRARIAS,Propagação de plantas,Propagação de plantas,
CIENCIAS_AGRARIAS,Conservação e Manejo de Recursos Geneticos Vegetais,Conservação e Manejo de Recursos Geneticos Vegetais,
CIENCIAS_AGRARIAS,Plantas Medicinais,Plantas Medicinais,
CIENCIAS_AGRARIAS,Fitotecnia,Fitotecnia,
CIENCIAS_AGRARIAS,Medicina Veterinária Preventiva,Medicina Veterinária Preventiva,
CIENCIAS_AGRARIAS,Medicina Veterinária Preventiva,Medicina Veterinária Preventiva,Doenças Parasitárias de Animais
CIENCIAS_EXATAS_E_DA_TERRA,Sistemas Distribuídos e Programação Concorrente,Sistemas Distribuídos e Programação Concorrente,Indices de Carga e de Desempenho
CIENCIAS_EXATAS_E_DA_TERRA,Sistemas Distribuídos e Programação Concorrente,Sistemas Distribuídos e Programação Concorrente,Indices de Carga e de Desempenho
CIENCIAS_EXATAS_E_DA_TERRA,Sistemas Distribuídos e Programação Concorrente,Sistemas Distribuídos e Programação Concorrente,
ENGENHARIAS,Estruturas,Estruturas,
CIENCIAS_HUMANAS,,,
CIENCIAS_SOCIAIS_APLICADAS,,,
CIENCIAS_SOCIAIS_APLICADAS,,,
CIENCIAS_HUMANAS,,,
CIENCIAS_SOCIAIS_APLICADAS,HISTÓRIA DA ARQUITETURA E DO URBANSIMO,HISTÓRIA DA ARQUITETURA E DO URBANSIMO,
CIENCIAS_BIOLOGICAS,,,
CIENCIAS_BIOLOGICAS,Etnoecologia,Etnoecologia,
CIENCIAS_BIOLOGICAS,Etnobiologia,Etnobiologia,
CIENCIAS_BIOLOGICAS,Etnobiologia,Etnobiologia,
CIENCIAS_BIOLOGICAS,Etnoecologia de cetáceos,Etnoecologia de cetáceos,
CIENCIAS_BIOLOGICAS,Ecologia de mamíferos aquáticos,Ecologia de mamíferos aquáticos,
CIENCIAS_EXATAS_E_DA_TERRA,Física das Partículas Elementares e Campos,Física das Partículas Elementares e Campos,Teorias Específicas e Modelos de Interação; Sistemática de Partículas; Raios Cósmicos
CIENCIAS_EXATAS_E_DA_TERRA,Física Geral,Física Geral,Relatividade e Gravitação
CIENCIAS_EXATAS_E_DA_TERRA,Física das Partículas Elementares e Campos,Física das Partículas Elementares e Campos,Teoria Geral de Partículas e Campos
CIENCIAS_EXATAS_E_DA_TERRA,Física Geral,Física Geral,Relatividade e Gravitação
ENGENHARIAS,Medidas Elétricas\, Magnéticas e Eletrônicas; Instrumentação,Medidas Elétricas\, Magnéticas e Eletrônicas; Instrumentação,Instrumentação Eletrônica
CIENCIAS_EXATAS_E_DA_TERRA,Física Nuclear,Física Nuclear,Reações Nucleares e Espalhamento (Reações Específicas)
CIENCIAS_EXATAS_E_DA_TERRA,Física das Partículas Elementares e Campos,Física das Partículas Elementares e Campos,Teorias Específicas e Modelos de Interação; Sistemática de Partículas; Raios Cósmicos
CIENCIAS_EXATAS_E_DA_TERRA,Física das Partículas Elementares e Campos,Física das Partículas Elementares e Campos,Teorias Específicas e Modelos de Interação; Sistemática de Partículas; Raios Cósmicos
CIENCIAS_EXATAS_E_DA_TERRA,Física das Partículas Elementares e Campos,Física das Partículas Elementares e Campos,Teorias Específicas e Modelos de Interação; Sistemática de Partículas; Raios Cósmicos
CIENCIAS_EXATAS_E_DA_TERRA,Física das Partículas Elementares e Campos,Física das Partículas Elementares e Campos,Reações Específicas e Fenomiologia de Partículas
CIENCIAS_EXATAS_E_DA_TERRA,Física das Partículas Elementares e Campos,Física das Partículas Elementares e Campos,Reações Específicas e Fenomiologia de Partículas
CIENCIAS_EXATAS_E_DA_TERRA,Física das Partículas Elementares e Campos,Física das Partículas Elementares e Campos,Reações Específicas e Fenomiologia de Partículas
CIENCIAS_EXATAS_E_DA_TERRA,Física das Partículas Elementares e Campos,Física das Partículas Elementares e Campos,Propriedades de Partículas Específicas e Ressonâncias
CIENCIAS_EXATAS_E_DA_TERRA,Física das Partículas Elementares e Campos,Física das Partículas Elementares e Campos,Reações Específicas e Fenomiologia de Partículas
ENGENHARIAS,Medidas Elétricas\, Magnéticas e Eletrônicas; Instrumentação,Medidas Elétricas\, Magnéticas e Eletrônicas; Instrumentação,Sistemas Eletrônicos de Medida e de Controle
ENGENHARIAS,Eletrônica Industrial\, Sistemas e Controles Eletrônicos,Eletrônica Industrial\, Sistemas e Controles Eletrônicos,Automação Eletrônica de Processos Elétricos e Industriais
ENGENHARIAS,Sistemas Elétricos de Potência,Sistemas Elétricos de Potência,Máquinas Elétricas e Dispositivos de Potência
ENGENHARIAS,Bioengenharia,Bioengenharia,Processamento de Sinais Biológicos
CIENCIAS_EXATAS_E_DA_TERRA,Sistemas de Computação,Sistemas de Computação,Arquitetura de Sistemas de Computação
CIENCIAS_EXATAS_E_DA_TERRA,Sistemas de Computação,Sistemas de Computação,Hardware
CIENCIAS_EXATAS_E_DA_TERRA,Probabilidade,Probabilidade,Processos Markovianos
CIENCIAS_HUMANAS,Ensino-Aprendizagem,Ensino-Aprendizagem,Métodos e Técnicas de Ensino
CIENCIAS_HUMANAS,Ensino-Aprendizagem,Ensino-Aprendizagem,Métodos e Técnicas de Ensino
ENGENHARIAS,Estruturas,Estruturas,Estruturas de Concreto
ENGENHARIAS,Sistemas Elétricos de Potência,Sistemas Elétricos de Potência,Distribuição de Energia Elétrica Redução de Perdas
ENGENHARIAS,Sistemas Elétricos de Potência,Sistemas Elétricos de Potência,Distribuição de Energia Elétrica Redução de Perdas
CIENCIAS_HUMANAS,Filosofia Brasileira,Filosofia Brasileira,
CIENCIAS_HUMANAS,Fundamentos da Educação,Fundamentos da Educação,Filosofia da Educação
CIENCIAS_HUMANAS,Sociologia do Conhecimento,Sociologia do Conhecimento,
CIENCIAS_HUMANAS,Epistemologia,Epistemologia,Filosofia da Mente
CIENCIAS_EXATAS_E_DA_TERRA,Teoria da Computação,Teoria da Computação,Linguagem Formais e Autômatos
CIENCIAS_EXATAS_E_DA_TERRA,Astrofísica Extragalactica,Astrofísica Extragalactica,Cosmologia
LINGUISTICA_LETRAS_E_ARTES,Lingüística Aplicada,Lingüística Aplicada,
CIENCIAS_HUMANAS,Fundamentos da Educação,Fundamentos da Educação,Sociologia da Educação
CIENCIAS_HUMANAS,Filosofia Social,Filosofia Social,
ENGENHARIAS,Engenharia Mecatrônica e de Sistemas Mecânicos,Engenharia Mecatrônica e de Sistemas Mecânicos,
ENGENHARIAS,Engenharia Mecatrônica e de Sistemas Mecânicos,Engenharia Mecatrônica e de Sistemas Mecânicos,
CIENCIAS_EXATAS_E_DA_TERRA,Metodologia e Técnicas da Computação,Metodologia e Técnicas da Computação,Engenharia de Software
CIENCIAS_EXATAS_E_DA_TERRA,Metodologia e Técnicas da Computação,Metodologia e Técnicas da Computação,Linguagens de Programação
CIENCIAS_EXATAS_E_DA_TERRA,Metodologia e Técnicas da Computação,Metodologia e Técnicas da Computação,Sistemas de Informação
ENGENHARIAS,Medidas Elétricas\, Magnéticas e Eletrônicas; Instrumentação,Medidas Elétricas\, Magnéticas e Eletrônicas; Instrumentação,Processamento de Sinais e Instrumentação
CIENCIAS_BIOLOGICAS,Enzimologia,Enzimologia,
CIENCIAS_EXATAS_E_DA_TERRA,Química Analítica,Química Analítica,Microbiologia Aplicada
CIENCIAS_AGRARIAS,Tecnologia de Alimentos,Tecnologia de Alimentos,Tecnologia das Bebidas
CIENCIAS_AGRARIAS,Ciência de Alimentos,Ciência de Alimentos,Microbiologia de Alimentos
CIENCIAS_AGRARIAS,Ciência de Alimentos,Ciência de Alimentos,Avaliação e Controle de Qualidade de Alimentos
CIENCIAS_AGRARIAS,,,
CIENCIAS_AGRARIAS,Biotecnologia,Biotecnologia,
CIENCIAS_EXATAS_E_DA_TERRA,Computação Científica e Processamento de Alto Desempenho,Computação Científica e Processamento de Alto Desempenho,
CIENCIAS_EXATAS_E_DA_TERRA,Áreas Clássicas de Fenomenologia e suas Aplicações,Áreas Clássicas de Fenomenologia e suas Aplicações,
CIENCIAS_EXATAS_E_DA_TERRA,Física da Matéria Condensada,Física da Matéria Condensada,Superfícies e Interfaces; Películas e Filamentos
CIENCIAS_EXATAS_E_DA_TERRA,Computação Científica e Processamento de Alto Desempenho,Computação Científica e Processamento de Alto Desempenho,
CIENCIAS_EXATAS_E_DA_TERRA,Áreas Clássicas de Fenomenologia e suas Aplicações,Áreas Clássicas de Fenomenologia e suas Aplicações,
CIENCIAS_EXATAS_E_DA_TERRA,Físico-Química,Físico-Química,
CIENCIAS_EXATAS_E_DA_TERRA,Matemática Aplicada,Matemática Aplicada,
CIENCIAS_EXATAS_E_DA_TERRA,Matemática Aplicada à Física,Matemática Aplicada à Física,
CIENCIAS_EXATAS_E_DA_TERRA,Metodologia e Técnicas da Computação,Metodologia e Técnicas da Computação,Engenharia de Software
CIENCIAS_EXATAS_E_DA_TERRA,Metodologia e Técnicas da Computação,Metodologia e Técnicas da Computação,Engenharia de Software
CIENCIAS_EXATAS_E_DA_TERRA,Metodologia e Técnicas da Computação,Metodologia e Técnicas da Computação,Inteligência Artificial
CIENCIAS_EXATAS_E_DA_TERRA,Probabilidade,Probabilidade,Ensino Aprendizagem de Probabilidade
CIENCIAS_EXATAS_E_DA_TERRA,,,
ENGENHARIAS,,,
ENGENHARIAS,Tecnologia Química,Tecnologia Química,
CIENCIAS_AGRARIAS,,,
CIENCIAS_AGRARIAS,Engenharia de Alimentos,Engenharia de Alimentos,
ENGENHARIAS,Tecnologia Química,Tecnologia Química,Produtos Naturais
ENGENHARIAS,Tecnologia Química,Tecnologia Química,Tratamentos e Aproveitamento de Rejeitos
ENGENHARIAS,Tecnologia Química,Tecnologia Química,Produtos Naturais
CIENCIAS_AGRARIAS,Engenharia de Alimentos,Engenharia de Alimentos,
CIENCIAS_EXATAS_E_DA_TERRA,Química Analítica,Química Analítica,
CIENCIAS_EXATAS_E_DA_TERRA,Física da Matéria Condensada,Física da Matéria Condensada,Supercondutividade
CIENCIAS_EXATAS_E_DA_TERRA,Física da Matéria Condensada,Física da Matéria Condensada,
CIENCIAS_HUMANAS,Meio Ambiente,Meio Ambiente,Meio Ambiente
CIENCIAS_EXATAS_E_DA_TERRA,Metodologia e Técnicas da Computação,Metodologia e Técnicas da Computação,Neurocomputação
CIENCIAS_EXATAS_E_DA_TERRA,Metodologia e Técnicas da Computação,Metodologia e Técnicas da Computação,Computação de Alto Desempenho
CIENCIAS_EXATAS_E_DA_TERRA,Metodologia e Técnicas da Computação,Metodologia e Técnicas da Computação,Processamento de Imagens
CIENCIAS_EXATAS_E_DA_TERRA,,,
CIENCIAS_EXATAS_E_DA_TERRA,,,
ENGENHARIAS,,,
CIENCIAS_EXATAS_E_DA_TERRA,Educação Matemática,Educação Matemática,
CIENCIAS_EXATAS_E_DA_TERRA,Educação Matemática,Educação Matemática,
ENGENHARIAS,Processos de Fabricação,Processos de Fabricação,Processos de União
CIENCIAS_EXATAS_E_DA_TERRA,Físico-Química,Físico-Química,Eletroquímica
CIENCIAS_EXATAS_E_DA_TERRA,Química Orgânica,Química Orgânica,Síntese Orgânica
CIENCIAS_EXATAS_E_DA_TERRA,Físico-Química,Físico-Química,Eletroquímica
CIENCIAS_EXATAS_E_DA_TERRA,Físico-Química,Físico-Química,Novos Materiais
CIENCIAS_EXATAS_E_DA_TERRA,Inteligência Artificial,Inteligência Artificial,Lógica Fuzzy
CIENCIAS_EXATAS_E_DA_TERRA,Inteligência Artificial,Inteligência Artificial,Computação Evolucionária
CIENCIAS_EXATAS_E_DA_TERRA,Inteligência Artificial,Inteligência Artificial,Sistemas Fuzzy-Genéticos
CIENCIAS_EXATAS_E_DA_TERRA,Inteligência Artificial,Inteligência Artificial,Computação Bio-Inspirada
CIENCIAS_EXATAS_E_DA_TERRA,Inteligência Artificial,Inteligência Artificial,Redes Bayesianas
CIENCIAS_EXATAS_E_DA_TERRA,Inteligência Artificial,Inteligência Artificial,Redes Neurais
ENGENHARIAS,Instrumentação Médica,Instrumentação Médica,Processamento de Sinais
ENGENHARIAS,,,
ENGENHARIAS,Processamento Digital de Sinais,Processamento Digital de Sinais,
ENGENHARIAS,Processamento Digital de Sinais,Processamento Digital de Sinais,Processamento de Sinais de Voz
CIENCIAS_EXATAS_E_DA_TERRA,Probabilidade e Estatística Aplicadas,Probabilidade e Estatística Aplicadas,
CIENCIAS_SOCIAIS_APLICADAS,Administração de Setores Específicos,Administração de Setores Específicos,
CIENCIAS_HUMANAS,Planejamento e Avaliação Educacional,Planejamento e Avaliação Educacional,Avaliação de Sistemas\, Instituições\, Planos e Programas Educacionais
CIENCIAS_HUMANAS,,,
CIENCIAS_EXATAS_E_DA_TERRA,Ensino de Física,Ensino de Física,
CIENCIAS_HUMANAS,Formação continuada,Formação continuada,
CIENCIAS_HUMANAS,Ensino-Aprendizagem,Ensino-Aprendizagem,
CIENCIAS_BIOLOGICAS,Genética Animal,Genética Animal,
CIENCIAS_BIOLOGICAS,,,
CIENCIAS_BIOLOGICAS,,,
CIENCIAS_BIOLOGICAS,,,
CIENCIAS_HUMANAS,História do Brasil,História do Brasil,
CIENCIAS_HUMANAS,História do Brasil,História do Brasil,História das ervas medicinais no Brasil
CIENCIAS_BIOLOGICAS,,,
CIENCIAS_HUMANAS,,,
ENGENHARIAS,,,
ENGENHARIAS,,,
CIENCIAS_BIOLOGICAS,Genética Animal,Genética Animal,
CIENCIAS_BIOLOGICAS,Genética Humana e Médica,Genética Humana e Médica,
CIENCIAS_DA_SAUDE,Medicina Preventiva,Medicina Preventiva,
CIENCIAS_DA_SAUDE,,,
CIENCIAS_EXATAS_E_DA_TERRA,Física da Matéria Condensada,Física da Matéria Condensada,Superfícies e Interfaces; Películas e Filamentos
CIENCIAS_SOCIAIS_APLICADAS,Administração de Empresas e Gestão Estratégicas de Negócios,Administração de Empresas e Gestão Estratégicas de Negócios,
CIENCIAS_SOCIAIS_APLICADAS,Projeto de Arquietura,Projeto de Arquietura,Patrimônio Arquitetônico Ferroviário
CIENCIAS_SOCIAIS_APLICADAS,Projeto de Arquietura,Projeto de Arquietura,Patrimônio Cultural
CIENCIAS_EXATAS_E_DA_TERRA,Física Geral,Física Geral,Física Clássica e Física Quântica; Mecânica e Campos
CIENCIAS_EXATAS_E_DA_TERRA,Física Nuclear,Física Nuclear,Reações Nucleares e Espalhamento Geral
CIENCIAS_EXATAS_E_DA_TERRA,Física de Partículas Elementares e Campos,Física de Partículas Elementares e Campos,Reações Específicas e Fenomenologia de Partículas
CIENCIAS_EXATAS_E_DA_TERRA,Física das Partículas Elementares e Campos,Física das Partículas Elementares e Campos,Teorias Específicas e Modelos de Interação; Sistemática de Partículas; Raios Cósmicos
CIENCIAS_EXATAS_E_DA_TERRA,Física Nuclear,Física Nuclear,Métodos Experimentais e Instrumentação para Partículas Elementares e Física Nuclear
CIENCIAS_EXATAS_E_DA_TERRA,Física Nuclear,Física Nuclear,Estrutura Nuclear
CIENCIAS_EXATAS_E_DA_TERRA,Física dos Fluídos\, Física de Plasmas e Descargas Elétricas,Física dos Fluídos\, Física de Plasmas e Descargas Elétricas,Física de Plasmas e Descargas Elétricas
CIENCIAS_EXATAS_E_DA_TERRA,Física dos Fluídos\, Física de Plasmas e Descargas Elétricas,Física dos Fluídos\, Física de Plasmas e Descargas Elétricas,Física de Plasmas e Descargas Elétricas
ENGENHARIAS,Eletrônica Industrial\, Sistemas e Controles Eletrônicos,Eletrônica Industrial\, Sistemas e Controles Eletrônicos,
ENGENHARIAS,Telecomunicações,Telecomunicações,Sistemas de Telecomunicações
ENGENHARIAS,Eletrônica Industrial\, Sistemas e Controles Eletrônicos,Eletrônica Industrial\, Sistemas e Controles Eletrônicos,
ENGENHARIAS,Telecomunicações,Telecomunicações,Sistemas de Telecomunicações
ENGENHARIAS,Sistemas Elétricos de Potência,Sistemas Elétricos de Potência,
ENGENHARIAS,Sistemas Elétricos de Potência,Sistemas Elétricos de Potência,Estabilidade de Sistemas de Energia Elétrica
ENGENHARIAS,,,
ENGENHARIAS,Circuitos Elétricos\, Magnéticos e Eletrônicos,Circuitos Elétricos\, Magnéticos e Eletrônicos,Circuitos Eletrônicos
ENGENHARIAS,Telecomunicações,Telecomunicações,Sistemas de Telecomunicações
CIENCIAS_EXATAS_E_DA_TERRA,Metodologia e Técnicas da Computação,Metodologia e Técnicas da Computação,Sistemas de Informação
ENGENHARIAS,Circuitos Elétricos\, Magnéticos e Eletrônicos,Circuitos Elétricos\, Magnéticos e Eletrônicos,Circuitos Eletrônicos
ENGENHARIAS,Telecomunicações,Telecomunicações,Sistemas de Telecomunicações
CIENCIAS_EXATAS_E_DA_TERRA,Metodologia e Técnicas da Computação,Metodologia e Técnicas da Computação,Sistemas de Informação
ENGENHARIAS,Telecomunicações,Telecomunicações,Teoria Eletromagnetica\, Microondas\, Propagação de Ondas\, Antenas
CIENCIAS_EXATAS_E_DA_TERRA,Metodologia e Técnicas da Computação,Metodologia e Técnicas da Computação,Linguagens de Programação
CIENCIAS_EXATAS_E_DA_TERRA,Metodologia e Técnicas da Computação,Metodologia e Técnicas da Computação,Computação Paralela
CIENCIAS_EXATAS_E_DA_TERRA,Metodologia e Técnicas da Computação,Metodologia e Técnicas da Computação,Inteligência Computacional
CIENCIAS_EXATAS_E_DA_TERRA,Matemática da Computação,Matemática da Computação,Modelos Analíticos e de Simulação
CIENCIAS_EXATAS_E_DA_TERRA,Metodologia e Técnicas da Computação,Metodologia e Técnicas da Computação,Inteligência Computacional
CIENCIAS_EXATAS_E_DA_TERRA,Matemática da Computação,Matemática da Computação,Modelos Analíticos e de Simulação
ENGENHARIAS,Telecomunicações,Telecomunicações,
ENGENHARIAS,Construção Civil,Construção Civil,
ENGENHARIAS,Gerência de Produção,Gerência de Produção,Planejamento\, Projeto e Controle de Sistemas de Produção
CIENCIAS_SOCIAIS_APLICADAS,Administração de Empresas,Administração de Empresas,Administração da Produção
ENGENHARIAS,Construção Civil,Construção Civil,Processos Construtivos
CIENCIAS_SOCIAIS_APLICADAS,Administração de Empresas,Administração de Empresas,Administração da Produção
CIENCIAS_SOCIAIS_APLICADAS,Administração de Empresas,Administração de Empresas,Administração de Recursos Humanos
ENGENHARIAS,Recursos Hídricos,Recursos Hídricos,
ENGENHARIAS,Recursos Hídricos,Recursos Hídricos,Planejamento Integrado dos Recursos Hídricos
ENGENHARIAS,Saneamento Básico,Saneamento Básico,Drenagem Urbana de Águas Pluviais
ENGENHARIAS,Planejamento Regional\, Patrimônio e Paisagem,Planejamento Regional\, Patrimônio e Paisagem,
ENGENHARIAS,Recursos Hídricos,Recursos Hídricos,Planejamento Integrado dos Recursos Hídricos
CIENCIAS_SOCIAIS_APLICADAS,Métodos e Técnicas do Planejamento Urbano e Regional,Métodos e Técnicas do Planejamento Urbano e Regional,
ENGENHARIAS,Planejamento Regional\, Patrimônio e Paisagem,Planejamento Regional\, Patrimônio e Paisagem,
CIENCIAS_SOCIAIS_APLICADAS,Métodos e Técnicas do Planejamento Urbano e Regional,Métodos e Técnicas do Planejamento Urbano e Regional,Técnicas de Planejamento e Projeto Urbanos e Regionais
CIENCIAS_SOCIAIS_APLICADAS,Métodos e Técnicas do Planejamento Urbano e Regional,Métodos e Técnicas do Planejamento Urbano e Regional,Técnicas de Análise e Avaliação Urbana e Regional
ENGENHARIAS,Planejamento Regional\, Patrimônio e Paisagem,Planejamento Regional\, Patrimônio e Paisagem,
ENGENHARIAS,Recursos Hídricos,Recursos Hídricos,Planejamento Integrado dos Recursos Hídricos
CIENCIAS_SOCIAIS_APLICADAS,Métodos e Técnicas do Planejamento Urbano e Regional,Métodos e Técnicas do Planejamento Urbano e Regional,
ENGENHARIAS,Planejamento Regional\, Patrimônio e Paisagem,Planejamento Regional\, Patrimônio e Paisagem,
CIENCIAS_SOCIAIS_APLICADAS,Métodos e Técnicas do Planejamento Urbano e Regional,Métodos e Técnicas do Planejamento Urbano e Regional,Técnicas de Planejamento e Projeto Urbanos e Regionais
CIENCIAS_SOCIAIS_APLICADAS,Métodos e Técnicas do Planejamento Urbano e Regional,Métodos e Técnicas do Planejamento Urbano e Regional,Técnicas de Análise e Avaliação Urbana e Regional
ENGENHARIAS,Eletrônica Industrial\, Sistemas e Controles Eletrônicos,Eletrônica Industrial\, Sistemas e Controles Eletrônicos,
CIENCIAS_EXATAS_E_DA_TERRA,Metodologia e Técnicas da Computação,Metodologia e Técnicas da Computação,Engenharia de Software
CIENCIAS_EXATAS_E_DA_TERRA,Metodologia e Técnicas da Computação,Metodologia e Técnicas da Computação,Sistemas de Informação
CIENCIAS_EXATAS_E_DA_TERRA,Metodologia e Técnicas da Computação,Metodologia e Técnicas da Computação,Linguagens de Programação
CIENCIAS_EXATAS_E_DA_TERRA,Matemática da Computação,Matemática da Computação,Modelos Analíticos e de Simulação
LINGUISTICA_LETRAS_E_ARTES,Teoria e Análise Lingüística,Teoria e Análise Lingüística,
ENGENHARIAS,Eletrônica Industrial\, Sistemas e Controles Eletrônicos,Eletrônica Industrial\, Sistemas e Controles Eletrônicos,
CIENCIAS_EXATAS_E_DA_TERRA,Metodologia e Técnicas da Computação,Metodologia e Técnicas da Computação,Engenharia de Software
CIENCIAS_SOCIAIS_APLICADAS,Administração Pública,Administração Pública,Tecnologia da Informação
ENGENHARIAS,,,
CIENCIAS_SOCIAIS_APLICADAS,,,
ENGENHARIAS,,,
CIENCIAS_SOCIAIS_APLICADAS,Administração Pública,Administração Pública,Tecnologia da Informação
ENGENHARIAS,Gerência de Produção,Gerência de Produção,Planejamento\, Projeto e Controle de Sistemas de Produção
ENGENHARIAS,,,
CIENCIAS_BIOLOGICAS,Bioquímica dos Microorganismos,Bioquímica dos Microorganismos,Flotação de Leveduras
CIENCIAS_BIOLOGICAS,Bioquímica dos Microorganismos,Bioquímica dos Microorganismos,Hidrofobicidade Celular
CIENCIAS_BIOLOGICAS,Bioquímica dos Microorganismos,Bioquímica dos Microorganismos,Cargas Celulares
CIENCIAS_EXATAS_E_DA_TERRA,Físico-Química,Físico-Química,Fisico Quimica de Adesão Microbiologica
CIENCIAS_EXATAS_E_DA_TERRA,Físico-Química,Físico-Química,Físico Química da flotação
CIENCIAS_BIOLOGICAS,Bioquímica dos Microorganismos,Bioquímica dos Microorganismos,Flotação de Leveduras
CIENCIAS_BIOLOGICAS,Bioquímica dos Microorganismos,Bioquímica dos Microorganismos,Hidrofobicidade Celular
CIENCIAS_BIOLOGICAS,Bioquímica dos Microorganismos,Bioquímica dos Microorganismos,Flotação de Leveduras
CIENCIAS_BIOLOGICAS,Bioquímica dos Microorganismos,Bioquímica dos Microorganismos,
CIENCIAS_EXATAS_E_DA_TERRA,Físico-Química,Físico-Química,Fisico Quimica de Adesão Microbiologica
CIENCIAS_EXATAS_E_DA_TERRA,Física da Matéria Condensada,Física da Matéria Condensada,Prop. Óticas e Espectrosc. da Mat. Condens; Outras Inter. da Mat. com Rad. e Part.
CIENCIAS_EXATAS_E_DA_TERRA,,,
CIENCIAS_EXATAS_E_DA_TERRA,Física da Matéria Condensada,Física da Matéria Condensada,Prop. Óticas e Espectrosc. da Mat. Condens; Outras Inter. da Mat. com Rad. e Part.
CIENCIAS_EXATAS_E_DA_TERRA,,,
CIENCIAS_EXATAS_E_DA_TERRA,Física da Matéria Condensada,Física da Matéria Condensada,
LINGUISTICA_LETRAS_E_ARTES,Literatura Comparada,Literatura Comparada,Literatura Comparada
LINGUISTICA_LETRAS_E_ARTES,Teoria Literária,Teoria Literária,Teoria Literária
LINGUISTICA_LETRAS_E_ARTES,Literatura Comparada,Literatura Comparada,Literatura Comparada
LINGUISTICA_LETRAS_E_ARTES,Literatura Brasileira,Literatura Brasileira,Literatura Brasileira
ENGENHARIAS,Processos de Fabricação,Processos de Fabricação,Conformação Mecânica
CIENCIAS_EXATAS_E_DA_TERRA,Química Analítica,Química Analítica,Análise de Traços e Química Ambiental
CIENCIAS_BIOLOGICAS,Genética Molecular e de Microorganismos,Genética Molecular e de Microorganismos,
CIENCIAS_BIOLOGICAS,Biologia Molecular,Biologia Molecular,
CIENCIAS_BIOLOGICAS,Biofísica Molecular,Biofísica Molecular,
CIENCIAS_BIOLOGICAS,Biologia Molecular,Biologia Molecular,
CIENCIAS_BIOLOGICAS,Genética Molecular e de Microorganismos,Genética Molecular e de Microorganismos,
CIENCIAS_AGRARIAS,,,
ENGENHARIAS,,,
CIENCIAS_BIOLOGICAS,,,
CIENCIAS_HUMANAS,,,
CIENCIAS_HUMANAS,,,
ENGENHARIAS,Eletrônica Industrial\, Sistemas e Controles Eletrônicos,Eletrônica Industrial\, Sistemas e Controles Eletrônicos,Controle de Processos Eletrônicos\, Retroalimentação
ENGENHARIAS,Eletrônica Industrial\, Sistemas e Controles Eletrônicos,Eletrônica Industrial\, Sistemas e Controles Eletrônicos,Controle de Processos Eletrônicos\, Retroalimentação
ENGENHARIAS,Projetos de Máquinas,Projetos de Máquinas,Controle de Sistemas Mecânicos
OUTROS,,,
ENGENHARIAS,Eletrônica Industrial\, Sistemas e Controles Eletrônicos,Eletrônica Industrial\, Sistemas e Controles Eletrônicos,
ENGENHARIAS,Bioengenharia,Bioengenharia,
CIENCIAS_AGRARIAS,Ciência do Solo,Ciência do Solo,Fertilidade do Solo e Adubação
CIENCIAS_AGRARIAS,Ciência do Solo,Ciência do Solo,Fertilidade do Solo e Adubação
CIENCIAS_EXATAS_E_DA_TERRA,Matemática Aplicada,Matemática Aplicada,
CIENCIAS_EXATAS_E_DA_TERRA,Matemática Aplicada,Matemática Aplicada,Análise Numérica
ENGENHARIAS,Fenômenos de Transporte,Fenômenos de Transporte,Mecânica dos Fluídos
ENGENHARIAS,Engenharia Térmica,Engenharia Térmica,Termodinâmica
ENGENHARIAS,Propulsão Aeroespacial,Propulsão Aeroespacial,Combustão e Escoamento com Reações Químicas
ENGENHARIAS,Engenharia Térmica,Engenharia Térmica,Aproveitamento da Energia
CIENCIAS_EXATAS_E_DA_TERRA,Matemática Aplicada,Matemática Aplicada,Modelagem Matemática
CIENCIAS_BIOLOGICAS,Ecologia de Ecossistemas,Ecologia de Ecossistemas,Ecotoxicologia
CIENCIAS_EXATAS_E_DA_TERRA,Química Analítica,Química Analítica,Instrumentação Analítica
ENGENHARIAS,Saneamento Ambiental,Saneamento Ambiental,Ecologia Aplicada a Engenharia Sanitária
LINGUISTICA_LETRAS_E_ARTES,,,
LINGUISTICA_LETRAS_E_ARTES,Língua Portuguesa,Língua Portuguesa,
LINGUISTICA_LETRAS_E_ARTES,Lingüística Histórica,Lingüística Histórica,
LINGUISTICA_LETRAS_E_ARTES,LITERATURA PORTUGUESA,LITERATURA PORTUGUESA,
ENGENHARIAS,Eletronica Digital,Eletronica Digital,LÓGICA PROGRAMAVEL - FPGA
ENGENHARIAS,,,
ENGENHARIAS,Medidas Elétricas\, Magnéticas e Eletrônicas; Instrumentação,Medidas Elétricas\, Magnéticas e Eletrônicas; Instrumentação,
ENGENHARIAS,,,
ENGENHARIAS,Automação e Controle Industrial,Automação e Controle Industrial,Lógica Programável Estruturada
ENGENHARIAS,Redes Neurais,Redes Neurais,
ENGENHARIAS,Automação e Controle Industrial,Automação e Controle Industrial,Lógica Programável Estruturada
ENGENHARIAS,Automação e Controle Industrial,Automação e Controle Industrial,
ENGENHARIAS,,,
CIENCIAS_AGRARIAS,,,
CIENCIAS_AGRARIAS,Genética e Melhoramento dos Animais Domésticos,Genética e Melhoramento dos Animais Domésticos,
CIENCIAS_AGRARIAS,Ecologia dos Animais Domésticos e Etologia,Ecologia dos Animais Domésticos e Etologia,
CIENCIAS_BIOLOGICAS,,,
CIENCIAS_EXATAS_E_DA_TERRA,,,
CIENCIAS_AGRARIAS,,,
ENGENHARIAS,Telecomunicações,Telecomunicações,Processamento Digital de Sinais
ENGENHARIAS,Telecomunicações,Telecomunicações,
ENGENHARIAS,Telecomunicações,Telecomunicações,Processamento Digital de Sinais
CIENCIAS_BIOLOGICAS,Ecologia Aplicada,Ecologia Aplicada,
CIENCIAS_BIOLOGICAS,Ecologia Aplicada,Ecologia Aplicada,
CIENCIAS_HUMANAS,Didática Teorias de Ensino e Práticas Escolares,Didática Teorias de Ensino e Práticas Escolares,
CIENCIAS_HUMANAS,Educação Infantil,Educação Infantil,
CIENCIAS_HUMANAS,Didática Teorias de Ensino e Práticas Escolares,Didática Teorias de Ensino e Práticas Escolares,Formação de Professores
CIENCIAS_HUMANAS,Didática Teorias de Ensino e Práticas Escolares,Didática Teorias de Ensino e Práticas Escolares,
CIENCIAS_HUMANAS,Ensino-Aprendizagem,Ensino-Aprendizagem,
CIENCIAS_HUMANAS,História da América,História da América,História Latino-Americana
CIENCIAS_HUMANAS,,,
CIENCIAS_HUMANAS,História da América,História da América,
CIENCIAS_HUMANAS,História da América,História da América,História Latino-Americana
CIENCIAS_HUMANAS,,,
CIENCIAS_HUMANAS,,,
CIENCIAS_HUMANAS,Teoria Política,Teoria Política,Teoria Política Contemporânea
CIENCIAS_HUMANAS,História da Teologia,História da Teologia,
CIENCIAS_HUMANAS,Sociologia Rural,Sociologia Rural,
ENGENHARIAS,,,
CIENCIAS_EXATAS_E_DA_TERRA,Metodologia e Técnicas da Computação,Metodologia e Técnicas da Computação,Geoprocessamento
CIENCIAS_EXATAS_E_DA_TERRA,Probabilidade e Estatística Aplicadas,Probabilidade e Estatística Aplicadas,Estatística Espacial
CIENCIAS_HUMANAS,Outras Sociologias Específicas,Outras Sociologias Específicas,Sociologia da Educação
CIENCIAS_EXATAS_E_DA_TERRA,Geoprocessamento,Geoprocessamento,
ENGENHARIAS,Mecânica dos Sólidos,Mecânica dos Sólidos,Dinâmica dos Corpos Rígidos\, Elásticos e Plásticos
CIENCIAS_EXATAS_E_DA_TERRA,Metodologia e Técnicas da Computação,Metodologia e Técnicas da Computação,Inteligência Artificial
CIENCIAS_EXATAS_E_DA_TERRA,Metodologia e Técnicas da Computação,Metodologia e Técnicas da Computação,Inteligência Artificial
CIENCIAS_EXATAS_E_DA_TERRA,Matemática da Computação,Matemática da Computação,Modelos Analíticos e de Simulação
ENGENHARIAS,Engenharia Hidráulica,Engenharia Hidráulica,Hidrologia
CIENCIAS_BIOLOGICAS,Citologia e Biologia Celular,Citologia e Biologia Celular,
CIENCIAS_BIOLOGICAS,Genética Humana e Médica,Genética Humana e Médica,
CIENCIAS_BIOLOGICAS,Biologia Molecular,Biologia Molecular,
CIENCIAS_BIOLOGICAS,Genética Humana e Médica,Genética Humana e Médica,
CIENCIAS_BIOLOGICAS,Biologia Molecular,Biologia Molecular,
CIENCIAS_EXATAS_E_DA_TERRA,Química Analítica,Química Analítica,Quimiometria
CIENCIAS_EXATAS_E_DA_TERRA,Química Analítica,Química Analítica,Instrumentação Analítica
CIENCIAS_EXATAS_E_DA_TERRA,Química Analítica,Química Analítica,Controle de Qualidade
CIENCIAS_EXATAS_E_DA_TERRA,Química Analítica,Química Analítica,Controle de Qualidade
CIENCIAS_EXATAS_E_DA_TERRA,Química Analítica,Química Analítica,Quimiometria
CIENCIAS_EXATAS_E_DA_TERRA,Química Orgânica,Química Orgânica,Quimica de Combustiveis
CIENCIAS_EXATAS_E_DA_TERRA,Química Orgânica,Química Orgânica,Quimica de Combustiveis
CIENCIAS_EXATAS_E_DA_TERRA,Química Analítica,Química Analítica,Biocombustíveis (Biodiesel e Álcool)
CIENCIAS_EXATAS_E_DA_TERRA,Química Analítica,Química Analítica,
ENGENHARIAS,Sistemas Elétricos de Potência,Sistemas Elétricos de Potência,Transmissão da Energia Elétrica\, Distribuição da Energia Elétrica
ENGENHARIAS,,,
CIENCIAS_EXATAS_E_DA_TERRA,Física Nuclear,Física Nuclear,
CIENCIAS_EXATAS_E_DA_TERRA,Física Nuclear,Física Nuclear,
CIENCIAS_SOCIAIS_APLICADAS,Serviço Social Aplicado,Serviço Social Aplicado,Serviço Social do Trabalho
CIENCIAS_SOCIAIS_APLICADAS,Serviço Social Aplicado,Serviço Social Aplicado,
CIENCIAS_HUMANAS,Fundamentos e Medidas da Psicologia,Fundamentos e Medidas da Psicologia,Construção e Validade de Testes\, Escalas e Outras Medidas Psicológicas
CIENCIAS_HUMANAS,,,
CIENCIAS_HUMANAS,Fundamentos e Medidas da Psicologia,Fundamentos e Medidas da Psicologia,Construção e Validade de Testes\, Escalas e Outras Medidas Psicológicas
ENGENHARIAS,,,
ENGENHARIAS,,,
ENGENHARIAS,Tecnologia dos Reatores,Tecnologia dos Reatores,Instrumentação para Operação e Controle de Reatores
ENGENHARIAS,Tecnologia dos Reatores,Tecnologia dos Reatores,Instrumentação para Operação e Controle de Reatores
ENGENHARIAS,Estruturas Aeroespaciais,Estruturas Aeroespaciais,Aeroelasticicidade
ENGENHARIAS,Estruturas Aeroespaciais,Estruturas Aeroespaciais,Aeroelasticicidade
ENGENHARIAS,Materiais Elétricos,Materiais Elétricos,Materiais Dielétricos\, Piezoelétricos e Ferroelétricos
ENGENHARIAS,Metalurgia Física,Metalurgia Física,Propriedades Físicas dos Metais e Ligas
ENGENHARIAS,,,
OUTROS,,,
ENGENHARIAS,,,
ENGENHARIAS,Metalurgia Física,Metalurgia Física,Propriedades Mecânicas dos Metais e Ligas
CIENCIAS_EXATAS_E_DA_TERRA,Álgebra,Álgebra,
CIENCIAS_EXATAS_E_DA_TERRA,Matemática Aplicada,Matemática Aplicada,Matemática Discreta e Combinatória
ENGENHARIAS,,,
ENGENHARIAS,,,
ENGENHARIAS,,,
ENGENHARIAS,,,
ENGENHARIAS,Eletrônica Industrial\, Sistemas e Controles Eletrônicos,Eletrônica Industrial\, Sistemas e Controles Eletrônicos,Controle de Processos Eletrônicos\, Retroalimentação
ENGENHARIAS,Projetos de Máquinas,Projetos de Máquinas,
CIENCIAS_AGRARIAS,Medicina Veterinária Preventiva,Medicina Veterinária Preventiva,Doenças Infecciosas de Animais
CIENCIAS_AGRARIAS,Medicina Veterinária Preventiva,Medicina Veterinária Preventiva,Doenças Infecciosas de Animais
ENGENHARIAS,Sistemas Elétricos de Potência,Sistemas Elétricos de Potência,Máquinas Elétricas e Dispositivos de Potência
ENGENHARIAS,Sistemas Elétricos de Potência,Sistemas Elétricos de Potência,Máquinas Elétricas e Dispositivos de Potência
CIENCIAS_EXATAS_E_DA_TERRA,Química Inorgânica,Química Inorgânica,Química Bio-Inorgânica
CIENCIAS_EXATAS_E_DA_TERRA,Química Inorgânica,Química Inorgânica,Determinação de Estrutura de Compostos Inorgânicos
CIENCIAS_EXATAS_E_DA_TERRA,Química Inorgânica,Química Inorgânica,
LINGUISTICA_LETRAS_E_ARTES,Psicolingüística,Psicolingüística,Leitura
LINGUISTICA_LETRAS_E_ARTES,Sócio Semiótica,Sócio Semiótica,Gramática Sistêmico Funcional
CIENCIAS_HUMANAS,,,
LINGUISTICA_LETRAS_E_ARTES,Educação Artística,Educação Artística,Arte Educação
CIENCIAS_HUMANAS,Educação Estética,Educação Estética,
LINGUISTICA_LETRAS_E_ARTES,Artes Visuais,Artes Visuais,Artes Visuais
LINGUISTICA_LETRAS_E_ARTES,Artes Visuais,Artes Visuais,Fotografia
CIENCIAS_EXATAS_E_DA_TERRA,Metodologia e Técnicas da Computação,Metodologia e Técnicas da Computação,Linguagens de Programação
CIENCIAS_EXATAS_E_DA_TERRA,Sistemas de Computação,Sistemas de Computação,Hardware
CIENCIAS_EXATAS_E_DA_TERRA,Metodologia e Técnicas da Computação,Metodologia e Técnicas da Computação,Banco de Dados
CIENCIAS_EXATAS_E_DA_TERRA,Metodologia e Técnicas da Computação,Metodologia e Técnicas da Computação,Linguagens de Programação
ENGENHARIAS,Pesquisa Mineral,Pesquisa Mineral,Dimensionamento de Jazidas
ENGENHARIAS,Construção Civil,Construção Civil,Materiais e Componentes de Construção
CIENCIAS_AGRARIAS,,,
CIENCIAS_AGRARIAS,Fitotecnia,Fitotecnia,Manejo e Tratos Culturais
CIENCIAS_AGRARIAS,Fitoquímica de plantas medicinais,Fitoquímica de plantas medicinais,
CIENCIAS_EXATAS_E_DA_TERRA,Físico-Química,Físico-Química,Materiais
CIENCIAS_EXATAS_E_DA_TERRA,Físico-Química,Físico-Química,Ciência de Polímeros
CIENCIAS_EXATAS_E_DA_TERRA,Físico-Química,Físico-Química,Materiais
CIENCIAS_EXATAS_E_DA_TERRA,Físico-Química,Físico-Química,Ciência de Polímeros
ENGENHARIAS,,,
ENGENHARIAS,Processos de Fabricação,Processos de Fabricação,
ENGENHARIAS,,,
ENGENHARIAS,Processos de Fabricação,Processos de Fabricação,
ENGENHARIAS,Sistemas Elétricos de Potência,Sistemas Elétricos de Potência,Operação de Sistemas de Transmissão de Energia Elétrica
ENGENHARIAS,,,
ENGENHARIAS,Sistemas Elétricos de Potência,Sistemas Elétricos de Potência,
ENGENHARIAS,Sistemas Elétricos de Potência,Sistemas Elétricos de Potência,Operação de Sistemas de Transmissão de Energia Elétrica
ENGENHARIAS,Mecânica dos Sólidos,Mecânica dos Sólidos,Análise de Tensões
ENGENHARIAS,Mecânica dos Sólidos,Mecânica dos Sólidos,
ENGENHARIAS,Mecânica dos Sólidos,Mecânica dos Sólidos,Análise de Tensões
ENGENHARIAS,Mecânica dos Sólidos,Mecânica dos Sólidos,
ENGENHARIAS,,,
ENGENHARIAS,Mecânica dos Sólidos,Mecânica dos Sólidos,Análise de Tensões
ENGENHARIAS,Estruturas Aeroespaciais,Estruturas Aeroespaciais,Projeto de Estruturas Aeroespaciais
ENGENHARIAS,,,
CIENCIAS_DA_SAUDE,Cirurgia,Cirurgia,Cirurgia Cardiovascular
ENGENHARIAS,,,
ENGENHARIAS,Circuitos Elétricos\, Magnéticos e Eletrônicos,Circuitos Elétricos\, Magnéticos e Eletrônicos,Circuitos Eletrônicos
ENGENHARIAS,Circuitos Elétricos\, Magnéticos e Eletrônicos,Circuitos Elétricos\, Magnéticos e Eletrônicos,Circuitos Eletrônicos
CIENCIAS_EXATAS_E_DA_TERRA,Metodologia e Técnicas da Computação,Metodologia e Técnicas da Computação,Informática Em Saúde
CIENCIAS_EXATAS_E_DA_TERRA,Matemática da Computação,Matemática da Computação,Modelos Analíticos e de Simulação
CIENCIAS_EXATAS_E_DA_TERRA,,,
CIENCIAS_DA_SAUDE,,,
CIENCIAS_BIOLOGICAS,,,
CIENCIAS_BIOLOGICAS,Helmintologia de Parasitos,Helmintologia de Parasitos,
CIENCIAS_BIOLOGICAS,,,
CIENCIAS_BIOLOGICAS,Helmintologia de Parasitos,Helmintologia de Parasitos,
ENGENHARIAS,Engenharia Hidráulica,Engenharia Hidráulica,Hidráulica
ENGENHARIAS,Engenharia Hidráulica,Engenharia Hidráulica,Meio Ambiente
ENGENHARIAS,Engenharia Hidráulica,Engenharia Hidráulica,Hidráulica
ENGENHARIAS,Engenharia Hidráulica,Engenharia Hidráulica,Meio Ambiente
CIENCIAS_SOCIAIS_APLICADAS,Tecnologia de Arquitetura e Urbanismo,Tecnologia de Arquitetura e Urbanismo,Ergonomia Aplicada à Arquitetura
CIENCIAS_SOCIAIS_APLICADAS,Tecnologia de Arquitetura e Urbanismo,Tecnologia de Arquitetura e Urbanismo,Habitação
CIENCIAS_SOCIAIS_APLICADAS,Projeto de Arquitetura e Urbanismo,Projeto de Arquitetura e Urbanismo,
CIENCIAS_SOCIAIS_APLICADAS,Projeto de Arquitetura e Urbanismo,Projeto de Arquitetura e Urbanismo,Planejamento e Projetos da Edificação
CIENCIAS_SOCIAIS_APLICADAS,Tecnologia de Arquitetura e Urbanismo,Tecnologia de Arquitetura e Urbanismo,Habitação
CIENCIAS_HUMANAS,Geografia Regional,Geografia Regional,Análise Regional
CIENCIAS_HUMANAS,História Moderna e Contemporânea,História Moderna e Contemporânea,Teoria da História
CIENCIAS_HUMANAS,História Moderna e Contemporânea,História Moderna e Contemporânea,Marxismo e Revoluções do Século XX
CIENCIAS_HUMANAS,História Moderna e Contemporânea,História Moderna e Contemporânea,História da Cultura
CIENCIAS_HUMANAS,História do Brasil,História do Brasil,História do Brasil República
CIENCIAS_HUMANAS,História do Brasil,História do Brasil,História do Brasil República
CIENCIAS_AGRARIAS,Fitotecnia,Fitotecnia,
CIENCIAS_AGRARIAS,,,
ENGENHARIAS,,,
ENGENHARIAS,Engenharia do Produto,Engenharia do Produto,
ENGENHARIAS,Metalurgia Física,Metalurgia Física,Propriedades Mecânicas dos Metais e Ligas
ENGENHARIAS,Processos de Fabricação,Processos de Fabricação,Processos de Fabricação\, Seleção Econômica
ENGENHARIAS,Metalurgia Física,Metalurgia Física,Transformação de Fases
ENGENHARIAS,Metalurgia Física,Metalurgia Física,
ENGENHARIAS,Processos de Fabricação,Processos de Fabricação,
ENGENHARIAS,Metalurgia Física,Metalurgia Física,Propriedades Mecânicas dos Metais e Ligas
ENGENHARIAS,Processos de Fabricação,Processos de Fabricação,Processos de Fabricação\, Seleção Econômica
LINGUISTICA_LETRAS_E_ARTES,,,
LINGUISTICA_LETRAS_E_ARTES,,,
LINGUISTICA_LETRAS_E_ARTES,Teoria e Análise Lingüística,Teoria e Análise Lingüística,
LINGUISTICA_LETRAS_E_ARTES,,,
CIENCIAS_EXATAS_E_DA_TERRA,Áreas Clássicas de Fenomenologia e suas Aplicações,Áreas Clássicas de Fenomenologia e suas Aplicações,Mecânica\, Elasticidade e Reologia
ENGENHARIAS,Materiais Não-Metálicos,Materiais Não-Metálicos,VIDROS
ENGENHARIAS,METROLOGIA,METROLOGIA,
CIENCIAS_EXATAS_E_DA_TERRA,Química Orgânica,Química Orgânica,Síntese Orgânica
CIENCIAS_EXATAS_E_DA_TERRA,Química Orgânica,Química Orgânica,Síntese Orgânica
CIENCIAS_EXATAS_E_DA_TERRA,Química Orgânica,Química Orgânica,
ENGENHARIAS,,,
ENGENHARIAS,Estruturas,Estruturas,
ENGENHARIAS,Construção Civil,Construção Civil,Materiais e Componentes de Construção
ENGENHARIAS,,,
ENGENHARIAS,Estruturas,Estruturas,
CIENCIAS_EXATAS_E_DA_TERRA,Química Analítica,Química Analítica,Química Ambiental
CIENCIAS_EXATAS_E_DA_TERRA,Química Analítica,Química Analítica,Análise de contaminantes orgânicos
CIENCIAS_EXATAS_E_DA_TERRA,Química Inorgânica,Química Inorgânica,Campos de Coordenação
CIENCIAS_EXATAS_E_DA_TERRA,Química Analítica,Química Analítica,Separação
CIENCIAS_EXATAS_E_DA_TERRA,Química Inorgânica,Química Inorgânica,Campos de Coordenação
CIENCIAS_EXATAS_E_DA_TERRA,Química Analítica,Química Analítica,Análise Térmica
CIENCIAS_EXATAS_E_DA_TERRA,Química Inorgânica,Química Inorgânica,Determinação de Estrutura de Compostos Inorgânicos
CIENCIAS_EXATAS_E_DA_TERRA,Química Inorgânica,Química Inorgânica,Determinação de Estrutura de Compostos Inorgânicos
CIENCIAS_HUMANAS,Ensino-Aprendizagem,Ensino-Aprendizagem,Ensino e Aprendizagem da Matemática e seus Fundamentos Filosoficos e Científicos
CIENCIAS_AGRARIAS,Fisiologia Vegetal,Fisiologia Vegetal,Cutura de Tecidos
CIENCIAS_AGRARIAS,Fisiologia Vegetal,Fisiologia Vegetal,Biologia Molecular
CIENCIAS_AGRARIAS,Fitotecnia,Fitotecnia,Produção de Mudas
CIENCIAS_EXATAS_E_DA_TERRA,Química Orgânica,Química Orgânica,
CIENCIAS_AGRARIAS,,,
CIENCIAS_AGRARIAS,Fisiologia Vegetal,Fisiologia Vegetal,Biologia Molecular
CIENCIAS_AGRARIAS,Fisiologia Vegetal,Fisiologia Vegetal,
CIENCIAS_AGRARIAS,Fitotecnia,Fitotecnia,Fisiologia de Plantas Cultivadas
CIENCIAS_BIOLOGICAS,,,
CIENCIAS_AGRARIAS,Ciência do Solo,Ciência do Solo,fertilizantes
CIENCIAS_AGRARIAS,Fisiologia Vegetal,Fisiologia Vegetal,Nutrição Mineral de Plantas
CIENCIAS_AGRARIAS,,,
CIENCIAS_AGRARIAS,Fitotecnia,Fitotecnia,
CIENCIAS_AGRARIAS,Fitotecnia,Fitotecnia,Produção de Mudas
CIENCIAS_AGRARIAS,,,
CIENCIAS_AGRARIAS,Fitotecnia,Fitotecnia,
CIENCIAS_AGRARIAS,Fitotecnia,Fitotecnia,Manejo e Tratos Culturais
CIENCIAS_SOCIAIS_APLICADAS,Administração de Empresas,Administração de Empresas,Gestão de Pessoas
CIENCIAS_SOCIAIS_APLICADAS,,,
CIENCIAS_HUMANAS,,,
CIENCIAS_SOCIAIS_APLICADAS,Tecnologia da Informação,Tecnologia da Informação,
LINGUISTICA_LETRAS_E_ARTES,Lingüística Aplicada,Lingüística Aplicada,
CIENCIAS_HUMANAS,Ensino-Aprendizagem,Ensino-Aprendizagem,
LINGUISTICA_LETRAS_E_ARTES,Lingüística Aplicada,Lingüística Aplicada,Inglês Instrumental
LINGUISTICA_LETRAS_E_ARTES,Lingüística Aplicada,Lingüística Aplicada,
LINGUISTICA_LETRAS_E_ARTES,Lingüística Aplicada,Lingüística Aplicada,Formação de Professores de Língua Inglesa
CIENCIAS_HUMANAS,Ensino-Aprendizagem,Ensino-Aprendizagem,Tecnologia Educacional
ENGENHARIAS,Metalurgia Física,Metalurgia Física,Propriedades Mecânicas dos Metais e Ligas
ENGENHARIAS,Materiais e Processos para Engenharia Aeronáutica e Aeroespacial,Materiais e Processos para Engenharia Aeronáutica e Aeroespacial,Propriedades Mecânicas de Materiais Aeronáuticos
CIENCIAS_EXATAS_E_DA_TERRA,Física da Matéria Condensada,Física da Matéria Condensada,Propriedades Mecânicas e Acústicas da Matéria Condensada
ENGENHARIAS,Metalurgia Física,Metalurgia Física,Propriedades Mecânicas dos Metais e Ligas
ENGENHARIAS,Materiais e Processos para Engenharia Aeronáutica e Aeroespacial,Materiais e Processos para Engenharia Aeronáutica e Aeroespacial,Propriedades Mecânicas de Materiais Aeronáuticos
CIENCIAS_EXATAS_E_DA_TERRA,Física da Matéria Condensada,Física da Matéria Condensada,Propriedades Mecânicas e Acústicas da Matéria Condensada
ENGENHARIAS,Estruturas Aeroespaciais,Estruturas Aeroespaciais,Fadiga
ENGENHARIAS,Engenharia Médica,Engenharia Médica,Biomateriais e Materiais Biocompatíveis
ENGENHARIAS,Materiais Não-Metálicos,Materiais Não-Metálicos,Cerâmicos
CIENCIAS_HUMANAS,Educação Matemática,Educação Matemática,
CIENCIAS_HUMANAS,Educação Matemática,Educação Matemática,
CIENCIAS_HUMANAS,História das Ciências,História das Ciências,História do Ensino de Matemática
CIENCIAS_HUMANAS,História das Ciências,História das Ciências,História da Matemática
CIENCIAS_EXATAS_E_DA_TERRA,Física da Matéria Condensada,Física da Matéria Condensada,
CIENCIAS_EXATAS_E_DA_TERRA,Física da Matéria Condensada,Física da Matéria Condensada,Estrutura de Líquidos e Sólidos; Cristalografia
CIENCIAS_EXATAS_E_DA_TERRA,Física da Matéria Condensada,Física da Matéria Condensada,Prop. Óticas e Espectrosc. da Mat. Condens; Outras Inter. da Mat. com Rad. e Part.
CIENCIAS_AGRARIAS,,,
CIENCIAS_AGRARIAS,Medicina Veterinária Preventiva,Medicina Veterinária Preventiva,Epidemiologia Animal
CIENCIAS_BIOLOGICAS,Ecologia Teórica,Ecologia Teórica,
ENGENHARIAS,,,
ENGENHARIAS,,,
CIENCIAS_AGRARIAS,Ciência de Alimentos,Ciência de Alimentos,Bioquímica
CIENCIAS_AGRARIAS,Ciência de Alimentos,Ciência de Alimentos,Biotecnologia
CIENCIAS_AGRARIAS,Ciência de Alimentos,Ciência de Alimentos,Enzimologia
CIENCIAS_AGRARIAS,Ciência de Alimentos,Ciência de Alimentos,
CIENCIAS_AGRARIAS,Ciência de Alimentos,Ciência de Alimentos,Enzimologia
CIENCIAS_AGRARIAS,Ciência de Alimentos,Ciência de Alimentos,Biotecnologia
CIENCIAS_AGRARIAS,Ciência de Alimentos,Ciência de Alimentos,Enzimologia
CIENCIAS_AGRARIAS,Ciência de Alimentos,Ciência de Alimentos,Biotecnologia
CIENCIAS_AGRARIAS,Ciência de Alimentos,Ciência de Alimentos,Bioquímica
CIENCIAS_SOCIAIS_APLICADAS,Administração de Empresas,Administração de Empresas,Administração da Produção
ENGENHARIAS,,,
ENGENHARIAS,,,
ENGENHARIAS,,,
CIENCIAS_HUMANAS,,,
CIENCIAS_HUMANAS,,,
CIENCIAS_SOCIAIS_APLICADAS,,,
CIENCIAS_HUMANAS,,,
CIENCIAS_SOCIAIS_APLICADAS,,,
CIENCIAS_SOCIAIS_APLICADAS,,,
ENGENHARIAS,Processos Industriais de Engenharia Química,Processos Industriais de Engenharia Química,Processos Bioquímicos
ENGENHARIAS,Processos Industriais de Engenharia Química,Processos Industriais de Engenharia Química,Processos Bioquímicos
ENGENHARIAS,Medidas Elétricas\, Magnéticas e Eletrônicas; Instrumentação,Medidas Elétricas\, Magnéticas e Eletrônicas; Instrumentação,Sistemas Eletrônicos de Medida e de Controle
CIENCIAS_AGRARIAS,Produção Animal,Produção Animal,Manejo de Animais
ENGENHARIAS,Medidas Elétricas\, Magnéticas e Eletrônicas; Instrumentação,Medidas Elétricas\, Magnéticas e Eletrônicas; Instrumentação,Instrumentação Eletrônica
ENGENHARIAS,,,
OUTROS,,,
CIENCIAS_DA_SAUDE,Análise de Alimentos,Análise de Alimentos,
CIENCIAS_EXATAS_E_DA_TERRA,Sistemas de Computação,Sistemas de Computação,Software Básico
CIENCIAS_EXATAS_E_DA_TERRA,Sistemas de Computação,Sistemas de Computação,
CIENCIAS_EXATAS_E_DA_TERRA,Sistemas de Computação,Sistemas de Computação,Teleinformática
CIENCIAS_AGRARIAS,Floricultura\, Parques e Jardins,Floricultura\, Parques e Jardins,Floricultura
ENGENHARIAS,Gerência de Produção,Gerência de Produção,Garantia de Controle de Qualidade
ENGENHARIAS,Eletrônica Industrial\, Sistemas e Controles Eletrônicos,Eletrônica Industrial\, Sistemas e Controles Eletrônicos,Automação Eletrônica de Processos Elétricos e Industriais
ENGENHARIAS,Metrologia,Metrologia,
ENGENHARIAS,,,
ENGENHARIAS,,,
CIENCIAS_EXATAS_E_DA_TERRA,Sistemas de Computação,Sistemas de Computação,
CIENCIAS_EXATAS_E_DA_TERRA,Metodologia e Técnicas da Computação,Metodologia e Técnicas da Computação,
ENGENHARIAS,Gerência de Produção,Gerência de Produção,Garantia de Controle de Qualidade
ENGENHARIAS,Gerência de Produção,Gerência de Produção,Planejamento\, Projeto e Controle de Sistemas de Produção
CIENCIAS_EXATAS_E_DA_TERRA,Indexação de Banco de Dados,Indexação de Banco de Dados,Indexação de Banco de Dados
CIENCIAS_EXATAS_E_DA_TERRA,Computação Gráfica,Computação Gráfica,
CIENCIAS_EXATAS_E_DA_TERRA,Banco de Dados,Banco de Dados,
CIENCIAS_EXATAS_E_DA_TERRA,Inteligência Artificial,Inteligência Artificial,
CIENCIAS_EXATAS_E_DA_TERRA,Química Inorgânica,Química Inorgânica,Físico Química Inorgânica
CIENCIAS_EXATAS_E_DA_TERRA,Físico-Química,Físico-Química,Eletroquímica
CIENCIAS_EXATAS_E_DA_TERRA,Química Inorgânica,Química Inorgânica,Campos de Coordenação
CIENCIAS_EXATAS_E_DA_TERRA,Inteligência Artificial,Inteligência Artificial,Processamento de Língua Natural
CIENCIAS_EXATAS_E_DA_TERRA,Inteligência Artificial,Inteligência Artificial,Processamento de Língua Natural
ENGENHARIAS,Construção Civil,Construção Civil,Materiais e Componentes de Construção
ENGENHARIAS,Estruturas,Estruturas,Estruturas de Concreto
CIENCIAS_EXATAS_E_DA_TERRA,Astrofísica Estelar,Astrofísica Estelar,
CIENCIAS_EXATAS_E_DA_TERRA,Astrofísica Estelar,Astrofísica Estelar,Astrofísica de Altas Energias
CIENCIAS_EXATAS_E_DA_TERRA,Astrofísica Estelar,Astrofísica Estelar,
CIENCIAS_EXATAS_E_DA_TERRA,Astrofísica do Meio Interestelar,Astrofísica do Meio Interestelar,
CIENCIAS_EXATAS_E_DA_TERRA,Astrofísica Estelar,Astrofísica Estelar,objetos compactos
CIENCIAS_EXATAS_E_DA_TERRA,Astrofísica do Meio Interestelar,Astrofísica do Meio Interestelar,Meio Interestelar
ENGENHARIAS,Projetos de Máquinas,Projetos de Máquinas,Controle de Sistemas Mecânicos
ENGENHARIAS,,,
CIENCIAS_EXATAS_E_DA_TERRA,Sistemas de Computação,Sistemas de Computação,Software Básico
CIENCIAS_EXATAS_E_DA_TERRA,Sistemas de Computação,Sistemas de Computação,Arquitetura de Sistemas de Computação
CIENCIAS_EXATAS_E_DA_TERRA,,,
CIENCIAS_HUMANAS,Ensino-Aprendizagem,Ensino-Aprendizagem,Tecnologia Educacional
ENGENHARIAS,Eletrônica Industrial\, Sistemas e Controles Eletrônicos,Eletrônica Industrial\, Sistemas e Controles Eletrônicos,
ENGENHARIAS,SISTEMAS DE DISTRIBUIÇÃO DE ENERGIA ELÉTRICA,SISTEMAS DE DISTRIBUIÇÃO DE ENERGIA ELÉTRICA,
ENGENHARIAS,Sistemas Elétricos de Potência,Sistemas Elétricos de Potência,
ENGENHARIAS,Sistemas Elétricos de Potência,Sistemas Elétricos de Potência,
ENGENHARIAS,SISTEMAS DE DISTRIBUIÇÃO DE ENERGIA ELÉTRICA,SISTEMAS DE DISTRIBUIÇÃO DE ENERGIA ELÉTRICA,
ENGENHARIAS,Sistemas Inteligentes,Sistemas Inteligentes,
CIENCIAS_BIOLOGICAS,,,
CIENCIAS_BIOLOGICAS,,,
CIENCIAS_BIOLOGICAS,,,
CIENCIAS_BIOLOGICAS,,,
CIENCIAS_BIOLOGICAS,,,
CIENCIAS_BIOLOGICAS,,,
CIENCIAS_HUMANAS,Ambientes não-formais de ensino,Ambientes não-formais de ensino,
CIENCIAS_HUMANAS,Ensino de Ciências e Biologia,Ensino de Ciências e Biologia,
CIENCIAS_HUMANAS,Difusão e divulgação científica,Difusão e divulgação científica,
CIENCIAS_EXATAS_E_DA_TERRA,Banco de Dados,Banco de Dados,Modelos Conceituais de Banco de Dados
CIENCIAS_DA_SAUDE,Radiologia Médica,Radiologia Médica,
ENGENHARIAS,,,
ENGENHARIAS,Materiais Não-Metálicos,Materiais Não-Metálicos,Diamante Cvd
ENGENHARIAS,Materiais Não-Metálicos,Materiais Não-Metálicos,Cerâmicos
ENGENHARIAS,Materiais Não-Metálicos,Materiais Não-Metálicos,Cerâmicos
ENGENHARIAS,Materiais Não-Metálicos,Materiais Não-Metálicos,Diamante Cvd
ENGENHARIAS,Processos de Fabricação,Processos de Fabricação,Processos de Usinagem
ENGENHARIAS,Processos de Fabricação,Processos de Fabricação,Processos de Usinagem
ENGENHARIAS,Gerência de Produção,Gerência de Produção,Higiene e Segurança do Trabalho
CIENCIAS_HUMANAS,Geografia Humana,Geografia Humana,Geografia Agrária
CIENCIAS_HUMANAS,Geografia Regional,Geografia Regional,Análise Regional
CIENCIAS_HUMANAS,Sociologia Rural,Sociologia Rural,
CIENCIAS_HUMANAS,Sociologia Rural,Sociologia Rural,
CIENCIAS_HUMANAS,Geografia Humana,Geografia Humana,Geografia Agrária
CIENCIAS_HUMANAS,Sociologia do Desenvolvimento,Sociologia do Desenvolvimento,
CIENCIAS_EXATAS_E_DA_TERRA,Sistemas de Computação,Sistemas de Computação,Software Básico
CIENCIAS_EXATAS_E_DA_TERRA,Sistemas de Computação,Sistemas de Computação,Arquitetura de Sistemas de Computação
CIENCIAS_EXATAS_E_DA_TERRA,Metodologia e Técnicas da Computação,Metodologia e Técnicas da Computação,Linguagens de Programação
OUTROS,Robótica,Robótica,Robótica Móvel
ENGENHARIAS,Mecânica dos Sólidos,Mecânica dos Sólidos,Análise de Tensões
ENGENHARIAS,Mecânica dos Sólidos,Mecânica dos Sólidos,
ENGENHARIAS,Mecânica dos Sólidos,Mecânica dos Sólidos,Mecânica dos Corpos Sólidos\, Elásticos e Plásticos
CIENCIAS_EXATAS_E_DA_TERRA,Educação Matemática,Educação Matemática,
CIENCIAS_HUMANAS,Tópicos Específicos de Educação,Tópicos Específicos de Educação,Educação Permanente
ENGENHARIAS,Tecnologia Química,Tecnologia Química,Balanços Globais de Matéria e Energia
ENGENHARIAS,Engenharia Térmica,Engenharia Térmica,
CIENCIAS_AGRARIAS,Engenharia de Alimentos,Engenharia de Alimentos,Instalações Industriais de Produção de Alimentos
CIENCIAS_AGRARIAS,Tecnologia de Alimentos,Tecnologia de Alimentos,Tecnologia das Bebidas
CIENCIAS_AGRARIAS,Ciência de Alimentos,Ciência de Alimentos,Microbiologia de Alimentos
CIENCIAS_EXATAS_E_DA_TERRA,Gerenciamento de Serviços de Tecnologia da Informação,Gerenciamento de Serviços de Tecnologia da Informação,
CIENCIAS_EXATAS_E_DA_TERRA,,,
CIENCIAS_EXATAS_E_DA_TERRA,Computação Ubíqua,Computação Ubíqua,
CIENCIAS_EXATAS_E_DA_TERRA,Computação Móvel,Computação Móvel,
CIENCIAS_EXATAS_E_DA_TERRA,Computação Móvel,Computação Móvel,
CIENCIAS_EXATAS_E_DA_TERRA,Computação Móvel,Computação Móvel,
CIENCIAS_EXATAS_E_DA_TERRA,Desenvolvimento de Software,Desenvolvimento de Software,Desenvolvimento de Software Para Automação Industrial e de Manufactura
CIENCIAS_EXATAS_E_DA_TERRA,Matemática da Computação,Matemática da Computação,
CIENCIAS_EXATAS_E_DA_TERRA,Sistemas de Computação,Sistemas de Computação,
CIENCIAS_EXATAS_E_DA_TERRA,Redes Industriais e de Computadores,Redes Industriais e de Computadores,
ENGENHARIAS,Telecomunicações,Telecomunicações,Sistemas de Telecomunicações
ENGENHARIAS,Eletrônica Industrial\, Sistemas e Controles Eletrônicos,Eletrônica Industrial\, Sistemas e Controles Eletrônicos,Automação Eletrônica de Processos Elétricos e Industriais
CIENCIAS_HUMANAS,,,
CIENCIAS_EXATAS_E_DA_TERRA,,,
CIENCIAS_EXATAS_E_DA_TERRA,,,
ENGENHARIAS,,,
CIENCIAS_HUMANAS,,,
CIENCIAS_HUMANAS,Ensino-Aprendizagem,Ensino-Aprendizagem,
CIENCIAS_HUMANAS,Ensino-Aprendizagem,Ensino-Aprendizagem,Tecnologia Educacional
ENGENHARIAS,Processos de Fabricação,Processos de Fabricação,Processos de Fabricação\, Seleção Econômica
ENGENHARIAS,Metalurgia de Transformação,Metalurgia de Transformação,Metalurgia de Pó
ENGENHARIAS,Mecânica dos Sólidos,Mecânica dos Sólidos,Análise de Tensões
ENGENHARIAS,Processos de Fabricação,Processos de Fabricação,Processos de Fabricação\, Seleção Econômica
ENGENHARIAS,Mecânica dos Sólidos,Mecânica dos Sólidos,Análise de Tensões
ENGENHARIAS,Metalurgia de Transformação,Metalurgia de Transformação,Metalurgia de Pó
ENGENHARIAS,Estruturas,Estruturas,Estruturas de Concreto
ENGENHARIAS,Estruturas,Estruturas,Estruturas de Concreto
ENGENHARIAS,Estruturas,Estruturas,Estruturas Metálicas
ENGENHARIAS,Estruturas,Estruturas,Estruturas Metálicas
ENGENHARIAS,Estruturas,Estruturas,Estruturas de Concreto
ENGENHARIAS,Gerência de Produção,Gerência de Produção,Planejamento\, Projeto e Controle de Sistemas de Produção
CIENCIAS_EXATAS_E_DA_TERRA,Metodologia e Técnicas da Computação,Metodologia e Técnicas da Computação,Engenharia de Software
CIENCIAS_EXATAS_E_DA_TERRA,Metodologia e Técnicas da Computação,Metodologia e Técnicas da Computação,Sistemas de Informação
CIENCIAS_EXATAS_E_DA_TERRA,Metodologia e Técnicas da Computação,Metodologia e Técnicas da Computação,Linguagens de Programação
CIENCIAS_EXATAS_E_DA_TERRA,Análise,Análise,Equações Diferenciais Ordinárias
CIENCIAS_EXATAS_E_DA_TERRA,Análise,Análise,Equações Diferenciais Parciais
ENGENHARIAS,Dinâmica de Vôo,Dinâmica de Vôo,Estabilidade e Controle
CIENCIAS_EXATAS_E_DA_TERRA,Matemática Aplicada,Matemática Aplicada,Análise Numérica
CIENCIAS_EXATAS_E_DA_TERRA,,,
CIENCIAS_EXATAS_E_DA_TERRA,,,
CIENCIAS_EXATAS_E_DA_TERRA,,,
CIENCIAS_EXATAS_E_DA_TERRA,Probabilidade e Estatística Aplicadas,Probabilidade e Estatística Aplicadas,
CIENCIAS_EXATAS_E_DA_TERRA,,,
CIENCIAS_EXATAS_E_DA_TERRA,Metodologia e Técnicas da Computação,Metodologia e Técnicas da Computação,Sistemas de Informação
CIENCIAS_EXATAS_E_DA_TERRA,Metodologia e Técnicas da Computação,Metodologia e Técnicas da Computação,Engenharia de Software
ENGENHARIAS,Fenômenos de Transporte,Fenômenos de Transporte,
ENGENHARIAS,Fenômenos de Transporte,Fenômenos de Transporte,Mecânica dos Fluídos
ENGENHARIAS,,,
ENGENHARIAS,Fenômenos de Transporte,Fenômenos de Transporte,Mecânica dos Fluídos
CIENCIAS_BIOLOGICAS,Metabolismo e Bioenergética,Metabolismo e Bioenergética,
CIENCIAS_AGRARIAS,Nutrição e Alimentação Animal,Nutrição e Alimentação Animal,
CIENCIAS_BIOLOGICAS,Genética Animal,Genética Animal,Expressão gênica
CIENCIAS_BIOLOGICAS,Enzimologia,Enzimologia,
CIENCIAS_BIOLOGICAS,,,
ENGENHARIAS,,,
ENGENHARIAS,Eletrônica Industrial\, Sistemas e Controles Eletrônicos,Eletrônica Industrial\, Sistemas e Controles Eletrônicos,ENGENHARIA DA COMPUTAÇÃO
CIENCIAS_AGRARIAS,Ciência do Solo,Ciência do Solo,Fertilidade do Solo e Adubação
CIENCIAS_AGRARIAS,Ciência do Solo,Ciência do Solo,Manejo e Conservação do Solo
CIENCIAS_AGRARIAS,Ciência do Solo,Ciência do Solo,Manejo e Conservação do Solo
CIENCIAS_AGRARIAS,Ciência do Solo,Ciência do Solo,Física do Solo
CIENCIAS_AGRARIAS,Física do Solo,Física do Solo,
CIENCIAS_AGRARIAS,Agricultura de Precisão,Agricultura de Precisão,
CIENCIAS_AGRARIAS,Soil physics,Soil physics,
CIENCIAS_AGRARIAS,Spatial statistical data analysis,Spatial statistical data analysis,
ENGENHARIAS,Estruturas,Estruturas,Estruturas de Concreto
ENGENHARIAS,Estruturas,Estruturas,Mecânica das Estruturas
LINGUISTICA_LETRAS_E_ARTES,Língua Portuguesa,Língua Portuguesa,
LINGUISTICA_LETRAS_E_ARTES,,,
LINGUISTICA_LETRAS_E_ARTES,Língua Portuguesa,Língua Portuguesa,
LINGUISTICA_LETRAS_E_ARTES,,,
CIENCIAS_HUMANAS,,,
CIENCIAS_HUMANAS,Fundamentos da Educação,Fundamentos da Educação,História da Educação
CIENCIAS_HUMANAS,Fundamentos da Educação,Fundamentos da Educação,Filosofia da Educação
CIENCIAS_HUMANAS,História da Educação,História da Educação,
CIENCIAS_EXATAS_E_DA_TERRA,Sistemas de Computação,Sistemas de Computação,Arquitetura de Sistemas de Computação
CIENCIAS_EXATAS_E_DA_TERRA,Metodologia e Técnicas da Computação,Metodologia e Técnicas da Computação,Engenharia de Software
ENGENHARIAS,Engenharia do Produto,Engenharia do Produto,Gerência do Projeto e do Produto
CIENCIAS_EXATAS_E_DA_TERRA,Sistemas de Computação,Sistemas de Computação,
CIENCIAS_EXATAS_E_DA_TERRA,Metodologia e Técnicas da Computação,Metodologia e Técnicas da Computação,Sistemas de Informação
CIENCIAS_EXATAS_E_DA_TERRA,Sistemas de Computação,Sistemas de Computação,Arquitetura de Sistemas de Computação
ENGENHARIAS,,,
ENGENHARIAS,,,
ENGENHARIAS,Aerodinâmica,Aerodinâmica,
ENGENHARIAS,,,
ENGENHARIAS,,,
ENGENHARIAS,Aerodinâmica,Aerodinâmica,
CIENCIAS_AGRARIAS,Fitotecnia,Fitotecnia,Melhoramento Vegetal
CIENCIAS_EXATAS_E_DA_TERRA,Física Ambiental e Fenômenos de Transporte,Física Ambiental e Fenômenos de Transporte,
CIENCIAS_EXATAS_E_DA_TERRA,Física Ambiental e Fenômenos de Transporte,Física Ambiental e Fenômenos de Transporte,Termodinâmica e Transferência de Calor
CIENCIAS_EXATAS_E_DA_TERRA,Física Atômica e Molecular,Física Atômica e Molecular,Inf. sobre Átomos e Moléculas Obtidos Experimentalmente; Instrumentação e Técnicas
CIENCIAS_EXATAS_E_DA_TERRA,Física Atômica e Molecular,Física Atômica e Molecular,Espectros Atômicos e Integração de Fótons
CIENCIAS_EXATAS_E_DA_TERRA,Instrumentação Nuclear,Instrumentação Nuclear,
CIENCIAS_HUMANAS,Ensino-Aprendizagem,Ensino-Aprendizagem,Métodos e Técnicas de Ensino
CIENCIAS_HUMANAS,Ensino-Aprendizagem,Ensino-Aprendizagem,Tecnologia Educacional
CIENCIAS_HUMANAS,,,
CIENCIAS_EXATAS_E_DA_TERRA,Física da Matéria Condensada,Física da Matéria Condensada,Prop. Óticas e Espectrosc. da Mat. Condens; Outras Inter. da Mat. com Rad. e Part.
CIENCIAS_EXATAS_E_DA_TERRA,Física da Matéria Condensada,Física da Matéria Condensada,Estruturas Eletrônicas e Propriedades Elétricas de Superfícies; Interf. e Partículas
CIENCIAS_EXATAS_E_DA_TERRA,Física da Matéria Condensada,Física da Matéria Condensada,
CIENCIAS_HUMANAS,,,
CIENCIAS_HUMANAS,Ensino-Aprendizagem,Ensino-Aprendizagem,Métodos e Técnicas de Ensino
CIENCIAS_EXATAS_E_DA_TERRA,Ensino de física,Ensino de física,
CIENCIAS_HUMANAS,Argumentação,Argumentação,
CIENCIAS_HUMANAS,Métodos e Técnicas de Ensino,Métodos e Técnicas de Ensino,
CIENCIAS_HUMANAS,Ensino de Ciências,Ensino de Ciências,
ENGENHARIAS,,,
ENGENHARIAS,,,
CIENCIAS_SOCIAIS_APLICADAS,Gestão do Conhecimento,Gestão do Conhecimento,
CIENCIAS_AGRARIAS,Engenharia de Água e Solo,Engenharia de Água e Solo,Irrigação e Drenagem
CIENCIAS_AGRARIAS,Irrigação e Drenagem,Irrigação e Drenagem,Irrigação e Drenagem
CIENCIAS_EXATAS_E_DA_TERRA,Biometeorogia,Biometeorogia,
CIENCIAS_AGRARIAS,Irrigação,Irrigação,
ENGENHARIAS,Tecnologia dos Reatores,Tecnologia dos Reatores,
ENGENHARIAS,,,
ENGENHARIAS,Tecnologia dos Reatores,Tecnologia dos Reatores,
CIENCIAS_BIOLOGICAS,Biologia Celular Vegetal,Biologia Celular Vegetal,Ultraestrutura
CIENCIAS_BIOLOGICAS,Biologia Celular Vegetal,Biologia Celular Vegetal,Ultraestrutura
CIENCIAS_BIOLOGICAS,Zoologia Aplicada,Zoologia Aplicada,Utilização dos Animais
CIENCIAS_BIOLOGICAS,Zoologia Aplicada,Zoologia Aplicada,Conservação das Espécies Animais
CIENCIAS_AGRARIAS,,,
CIENCIAS_AGRARIAS,,,
CIENCIAS_BIOLOGICAS,,,
CIENCIAS_BIOLOGICAS,Zoologia Aplicada,Zoologia Aplicada,Utilização dos Animais
CIENCIAS_HUMANAS,,,
CIENCIAS_HUMANAS,História da Filosofia,História da Filosofia,História da Filosofia Antiga
CIENCIAS_HUMANAS,Epistemologia,Epistemologia,
CIENCIAS_HUMANAS,História da Filosofia,História da Filosofia,História da Filosofia Antiga
CIENCIAS_HUMANAS,Ética,Ética,Teoria do Contrato
CIENCIAS_HUMANAS,Ensino-Aprendizagem,Ensino-Aprendizagem,Avaliação da Aprendizagem
CIENCIAS_HUMANAS,Ética,Ética,
CIENCIAS_HUMANAS,Ética,Ética,Política
CIENCIAS_HUMANAS,Ética,Ética,Teoria do Contrato
CIENCIAS_HUMANAS,Tópicos Específicos de Educação,Tópicos Específicos de Educação,Educação Permanente
CIENCIAS_HUMANAS,,,
CIENCIAS_SOCIAIS_APLICADAS,,,
CIENCIAS_SOCIAIS_APLICADAS,,,
ENGENHARIAS,Processos de Fabricação,Processos de Fabricação,Processos de Fabricação\, Seleção Econômica
CIENCIAS_SOCIAIS_APLICADAS,Administração de Empresas,Administração de Empresas,Administração da Produção
ENGENHARIAS,Gerência de Produção,Gerência de Produção,
ENGENHARIAS,,,
CIENCIAS_SOCIAIS_APLICADAS,,,
CIENCIAS_SOCIAIS_APLICADAS,Gerenciamento de Projetos,Gerenciamento de Projetos,
ENGENHARIAS,,,
CIENCIAS_SOCIAIS_APLICADAS,,,
ENGENHARIAS,Gestão de Projetos,Gestão de Projetos,
ENGENHARIAS,Administração,Administração,
ENGENHARIAS,Engenharia de Produção,Engenharia de Produção,
ENGENHARIAS,,,
CIENCIAS_EXATAS_E_DA_TERRA,,,
ENGENHARIAS,,,
CIENCIAS_EXATAS_E_DA_TERRA,,,
CIENCIAS_EXATAS_E_DA_TERRA,,,
CIENCIAS_EXATAS_E_DA_TERRA,Metodologia e Técnicas da Computação,Metodologia e Técnicas da Computação,Hipermídia
CIENCIAS_EXATAS_E_DA_TERRA,Metodologia e Técnicas da Computação,Metodologia e Técnicas da Computação,Interação Humano-Computador
ENGENHARIAS,Eletroquímica Corrosão,Eletroquímica Corrosão,Inibidores de Corrosão
ENGENHARIAS,Eletroquímica Corrosão,Eletroquímica Corrosão,
ENGENHARIAS,Eletroquímica Corrosão,Eletroquímica Corrosão,
CIENCIAS_BIOLOGICAS,Fisiologia de Órgãos e Sistemas,Fisiologia de Órgãos e Sistemas,Fisiologia da Digestão
CIENCIAS_EXATAS_E_DA_TERRA,Física Geral,Física Geral,
CIENCIAS_EXATAS_E_DA_TERRA,Física Geral,Física Geral,Física Clássica e Física Quântica; Mecânica e Campos
CIENCIAS_EXATAS_E_DA_TERRA,Física Geral,Física Geral,Física Estatística e Termodinâmica
ENGENHARIAS,,,
ENGENHARIAS,Circuitos Elétricos\, Magnéticos e Eletrônicos,Circuitos Elétricos\, Magnéticos e Eletrônicos,Circuitos Eletrônicos
ENGENHARIAS,,,
ENGENHARIAS,Circuitos Elétricos\, Magnéticos e Eletrônicos,Circuitos Elétricos\, Magnéticos e Eletrônicos,Circuitos Eletrônicos
CIENCIAS_HUMANAS,,,
CIENCIAS_HUMANAS,Sociologia do Cotidiano,Sociologia do Cotidiano,
CIENCIAS_EXATAS_E_DA_TERRA,,,
CIENCIAS_EXATAS_E_DA_TERRA,Física da Matéria Condensada,Física da Matéria Condensada,Materiais Dielétricos e Propriedades Dielétricas
CIENCIAS_EXATAS_E_DA_TERRA,Física da Matéria Condensada,Física da Matéria Condensada,Materiais Dielétricos e Propriedades Dielétricas
CIENCIAS_EXATAS_E_DA_TERRA,Física da Matéria Condensada,Física da Matéria Condensada,Materiais Dielétricos e Propriedades Dielétricas
CIENCIAS_EXATAS_E_DA_TERRA,Física da Matéria Condensada,Física da Matéria Condensada,Prop. Óticas e Espectrosc. da Mat. Condens; Outras Inter. da Mat. com Rad. e Part.
CIENCIAS_EXATAS_E_DA_TERRA,,,
ENGENHARIAS,Engenharia Econômica,Engenharia Econômica,Análise de Custos
ENGENHARIAS,Engenharia do Produto,Engenharia do Produto,Processos de Trabalho
ENGENHARIAS,Processos de Fabricação,Processos de Fabricação,Processos de Fabricação\, Seleção Econômica
ENGENHARIAS,Processos de Fabricação,Processos de Fabricação,Processos de Fabricação\, Seleção Econômica
ENGENHARIAS,Engenharia Econômica,Engenharia Econômica,Análise de Custos
ENGENHARIAS,Engenharia do Produto,Engenharia do Produto,Gerência do Projeto e do Produto
ENGENHARIAS,Microeletrônica,Microeletrônica,
ENGENHARIAS,Microeletrônica,Microeletrônica,Processos Em Microeletrônica
CIENCIAS_EXATAS_E_DA_TERRA,Teoria da Computação,Teoria da Computação,Computabilidade e Modelos de Computação
CIENCIAS_EXATAS_E_DA_TERRA,Metodologia e Técnicas da Computação,Metodologia e Técnicas da Computação,Sistemas de Informação
CIENCIAS_EXATAS_E_DA_TERRA,Teoria da Computação,Teoria da Computação,Computabilidade e Modelos de Computação
CIENCIAS_EXATAS_E_DA_TERRA,Metodologia e Técnicas da Computação,Metodologia e Técnicas da Computação,Sistemas de Informação
CIENCIAS_EXATAS_E_DA_TERRA,Teoria da Computação,Teoria da Computação,Lógicas e Semântica de Programas
CIENCIAS_EXATAS_E_DA_TERRA,Geociências,Geociências,Geociências e Meio Ambiente
CIENCIAS_EXATAS_E_DA_TERRA,Geografia,Geografia,Organização do Espaço
LINGUISTICA_LETRAS_E_ARTES,Literaturas Estrangeiras Modernas,Literaturas Estrangeiras Modernas,Dramaturgia Gay Norte Americana
LINGUISTICA_LETRAS_E_ARTES,Literaturas Estrangeiras Modernas,Literaturas Estrangeiras Modernas,Teatro e Aids
LINGUISTICA_LETRAS_E_ARTES,Literaturas Estrangeiras Modernas,Literaturas Estrangeiras Modernas,Teatro Norte Americano Contemporâneo
LINGUISTICA_LETRAS_E_ARTES,Literaturas Estrangeiras Modernas,Literaturas Estrangeiras Modernas,Teatro Norte Americano Contemporâneo
LINGUISTICA_LETRAS_E_ARTES,Literaturas Estrangeiras Modernas,Literaturas Estrangeiras Modernas,Dramaturgia Gay Norte Americana
LINGUISTICA_LETRAS_E_ARTES,Literaturas Estrangeiras Modernas,Literaturas Estrangeiras Modernas,
CIENCIAS_AGRARIAS,,,
CIENCIAS_AGRARIAS,Tecnologia de Alimentos,Tecnologia de Alimentos,
ENGENHARIAS,Engenharia Térmica,Engenharia Térmica,Escoamento de Fluidos
ENGENHARIAS,Engenharia Térmica,Engenharia Térmica,Termodinâmica
ENGENHARIAS,Fenômenos de Transporte,Fenômenos de Transporte,Transferência de Calor
ENGENHARIAS,Engenharia Térmica,Engenharia Térmica,Termodinâmica
ENGENHARIAS,Engenharia Térmica,Engenharia Térmica,Escoamento de Fluidos
ENGENHARIAS,Fenômenos de Transporte,Fenômenos de Transporte,Transferência de Calor
CIENCIAS_BIOLOGICAS,BIOLOGIA CELULAR E TECIDUAL,BIOLOGIA CELULAR E TECIDUAL,
CIENCIAS_BIOLOGICAS,Metabolismo e Bioenergética,Metabolismo e Bioenergética,
CIENCIAS_DA_SAUDE,Fisiologia do Exercício,Fisiologia do Exercício,
CIENCIAS_BIOLOGICAS,Biologia Celular e Tecidual,Biologia Celular e Tecidual,
CIENCIAS_BIOLOGICAS,Metabolismo e Bioenergética,Metabolismo e Bioenergética,
CIENCIAS_DA_SAUDE,Fisiologia do Exercício,Fisiologia do Exercício,
CIENCIAS_EXATAS_E_DA_TERRA,Sistemas de Computação,Sistemas de Computação,Arquitetura de Sistemas de Computação
CIENCIAS_EXATAS_E_DA_TERRA,Sistemas de Computação,Sistemas de Computação,Hardware
CIENCIAS_EXATAS_E_DA_TERRA,Metodologia e Técnicas da Computação,Metodologia e Técnicas da Computação,Sistemas de Informação
CIENCIAS_EXATAS_E_DA_TERRA,Sistemas de Computação,Sistemas de Computação,Arquitetura de Sistemas de Computação
CIENCIAS_EXATAS_E_DA_TERRA,Metodologia e Técnicas da Computação,Metodologia e Técnicas da Computação,Sistemas de Informação
CIENCIAS_EXATAS_E_DA_TERRA,Sistemas de Computação,Sistemas de Computação,Arquitetura de Sistemas de Computação
CIENCIAS_EXATAS_E_DA_TERRA,Sistemas de Computação,Sistemas de Computação,
CIENCIAS_EXATAS_E_DA_TERRA,Metodologia e Técnicas da Computação,Metodologia e Técnicas da Computação,Sistemas de Informação
CIENCIAS_EXATAS_E_DA_TERRA,Sistemas de Computação,Sistemas de Computação,Arquitetura de Sistemas de Computação
ENGENHARIAS,Telecomunicações,Telecomunicações,
ENGENHARIAS,Telecomunicações,Telecomunicações,Sistemas de Telecomunicações
CIENCIAS_HUMANAS,,,
CIENCIAS_EXATAS_E_DA_TERRA,,,
CIENCIAS_HUMANAS,Ensino-Aprendizagem,Ensino-Aprendizagem,
CIENCIAS_HUMANAS,,,
CIENCIAS_EXATAS_E_DA_TERRA,,,
CIENCIAS_HUMANAS,Ensino-Aprendizagem,Ensino-Aprendizagem,
CIENCIAS_HUMANAS,Educação e Complexidade,Educação e Complexidade,
ENGENHARIAS,,,
CIENCIAS_SOCIAIS_APLICADAS,,,
CIENCIAS_EXATAS_E_DA_TERRA,Metodologia e Técnicas da Computação,Metodologia e Técnicas da Computação,Engenharia de Software
CIENCIAS_EXATAS_E_DA_TERRA,,,
CIENCIAS_EXATAS_E_DA_TERRA,Metodologia e Técnicas da Computação,Metodologia e Técnicas da Computação,Engenharia de Software
CIENCIAS_HUMANAS,Ensino-Aprendizagem,Ensino-Aprendizagem,Tecnologia Educacional
CIENCIAS_HUMANAS,Ensino-Aprendizagem,Ensino-Aprendizagem,Métodos e Técnicas de Ensino
CIENCIAS_HUMANAS,Ensino-Aprendizagem,Ensino-Aprendizagem,Teorias da Instrução
CIENCIAS_HUMANAS,Ensino-Aprendizagem,Ensino-Aprendizagem,Tecnologia Educacional
CIENCIAS_HUMANAS,Tópicos Específicos de Educação,Tópicos Específicos de Educação,Educação Permanente
CIENCIAS_HUMANAS,Fundamentos da Educação,Fundamentos da Educação,História da Educação
CIENCIAS_EXATAS_E_DA_TERRA,Química Orgânica,Química Orgânica,Química dos Produtos Naturais
CIENCIAS_EXATAS_E_DA_TERRA,Estatística,Estatística,Análise Multivariada
CIENCIAS_EXATAS_E_DA_TERRA,Química Orgânica,Química Orgânica,Analítica Orgânica Quimiometria
CIENCIAS_EXATAS_E_DA_TERRA,,,
CIENCIAS_EXATAS_E_DA_TERRA,Biocombustíveis,Biocombustíveis,
CIENCIAS_EXATAS_E_DA_TERRA,Química Orgânica,Química Orgânica,Analítica Orgânica Quimiometria
ENGENHARIAS,Telecomunicações,Telecomunicações,
ENGENHARIAS,Telecomunicações,Telecomunicações,Teoria Eletromagnetica\, Microondas\, Propagação de Ondas\, Antenas
CIENCIAS_EXATAS_E_DA_TERRA,Óptica Linear e Não-Linear,Óptica Linear e Não-Linear,
CIENCIAS_EXATAS_E_DA_TERRA,Óptica Linear e Não-Linear,Óptica Linear e Não-Linear,
CIENCIAS_AGRARIAS,Tecnologia de Alimentos,Tecnologia de Alimentos,Tecnologia de Produtos de Origem Animal
CIENCIAS_AGRARIAS,Engenharia de Alimentos,Engenharia de Alimentos,Armazenamento de Alimentos
CIENCIAS_EXATAS_E_DA_TERRA,Metodologia e Técnicas da Computação,Metodologia e Técnicas da Computação,Banco de Dados
CIENCIAS_EXATAS_E_DA_TERRA,Matemática da Computação,Matemática da Computação,Modelos Analíticos e de Simulação
CIENCIAS_DA_SAUDE,Radiologia Médica,Radiologia Médica,Sistemas
CIENCIAS_EXATAS_E_DA_TERRA,Metodologia e Técnicas da Computação,Metodologia e Técnicas da Computação,Banco de Dados
CIENCIAS_EXATAS_E_DA_TERRA,Metodologia e Técnicas da Computação,Metodologia e Técnicas da Computação,Linguagens de Programação
ENGENHARIAS,,,
ENGENHARIAS,Construção Civil,Construção Civil,Materiais e Componentes de Construção
ENGENHARIAS,Construção Civil,Construção Civil,Processos Construtivos
ENGENHARIAS,Estruturas,Estruturas,Estruturas de Concreto
ENGENHARIAS,Construção Civil,Construção Civil,Materiais e Componentes de Construção
ENGENHARIAS,Construção Civil,Construção Civil,Processos Construtivos
ENGENHARIAS,Estruturas,Estruturas,Estruturas de Concreto
ENGENHARIAS,Estruturas,Estruturas,Estruturas de Concreto
ENGENHARIAS,Construção Civil,Construção Civil,Materiais e Componentes de Construção
ENGENHARIAS,,,
CIENCIAS_HUMANAS,,,
ENGENHARIAS,,,
ENGENHARIAS,Gerência de Produção,Gerência de Produção,Planejamento\, Projeto e Controle de Sistemas de Produção
ENGENHARIAS,Processos de Fabricação,Processos de Fabricação,Processos de Fabricação\, Seleção Econômica
ENGENHARIAS,,,
ENGENHARIAS,Processos de Fabricação,Processos de Fabricação,
ENGENHARIAS,Usinagem e projetos de Ultraprecisão,Usinagem e projetos de Ultraprecisão,
ENGENHARIAS,Processos de Fabricação,Processos de Fabricação,
ENGENHARIAS,Usinagem e projetos de Ultraprecisão,Usinagem e projetos de Ultraprecisão,
CIENCIAS_EXATAS_E_DA_TERRA,Áreas Clássicas de Fenomenologia e suas Aplicações,Áreas Clássicas de Fenomenologia e suas Aplicações,Óptica
CIENCIAS_DA_SAUDE,Saúde Pública,Saúde Pública,
CIENCIAS_DA_SAUDE,Epidemiologia,Epidemiologia,
CIENCIAS_DA_SAUDE,Controle animal,Controle animal,
CIENCIAS_AGRARIAS,Medicina Veterinária Preventiva,Medicina Veterinária Preventiva,
CIENCIAS_AGRARIAS,Medicina Veterinária Preventiva,Medicina Veterinária Preventiva,Doenças Infecciosas de Animais
CIENCIAS_AGRARIAS,Medicina Veterinária Preventiva,Medicina Veterinária Preventiva,Saúde Animal (Programas Sanitários)
CIENCIAS_EXATAS_E_DA_TERRA,Segurança,Segurança,Wireless Sensor Network Security
CIENCIAS_EXATAS_E_DA_TERRA,Segurança,Segurança,
CIENCIAS_EXATAS_E_DA_TERRA,Segurança,Segurança,Intrusion detection
CIENCIAS_EXATAS_E_DA_TERRA,Física Atômica e Molecular,Física Atômica e Molecular,
CIENCIAS_EXATAS_E_DA_TERRA,Física Atômica e Molecular,Física Atômica e Molecular,Processos de Colisão e Interações de Átomos e Moléculas
ENGENHARIAS,Fenômenos de Transporte,Fenômenos de Transporte,Dinâmica dos Gases
ENGENHARIAS,Fenômenos de Transporte,Fenômenos de Transporte,Transferência de Calor
ENGENHARIAS,Fenômenos de Transporte,Fenômenos de Transporte,Mecânica dos Fluídos
ENGENHARIAS,Medidas Elétricas\, Magnéticas e Eletrônicas; Instrumentação,Medidas Elétricas\, Magnéticas e Eletrônicas; Instrumentação,Instrumentação Eletrônica
ENGENHARIAS,Fenômenos de Transporte,Fenômenos de Transporte,Mecânica dos Fluídos
ENGENHARIAS,Medidas Elétricas\, Magnéticas e Eletrônicas; Instrumentação,Medidas Elétricas\, Magnéticas e Eletrônicas; Instrumentação,Instrumentação Eletrônica
ENGENHARIAS,Medidas Elétricas\, Magnéticas e Eletrônicas; Instrumentação,Medidas Elétricas\, Magnéticas e Eletrônicas; Instrumentação,Sistemas Eletrônicos de Medida e de Controle
CIENCIAS_EXATAS_E_DA_TERRA,,,
CIENCIAS_EXATAS_E_DA_TERRA,Química Inorgânica,Química Inorgânica,
ENGENHARIAS,,,
CIENCIAS_EXATAS_E_DA_TERRA,,,
CIENCIAS_EXATAS_E_DA_TERRA,Metodologia e Técnicas da Computação,Metodologia e Técnicas da Computação,Processamento Gráfico (Graphics)
CIENCIAS_HUMANAS,Tópicos Específicos de Educação,Tópicos Específicos de Educação,Educação Especial
CIENCIAS_HUMANAS,,,
ENGENHARIAS,Materiais Não-Metálicos,Materiais Não-Metálicos,Materiais Conjugados Não-Metálicos
ENGENHARIAS,Processos de Fabricação,Processos de Fabricação,Usinagem
ENGENHARIAS,Materiais,Materiais,Metalurgia do Pó
ENGENHARIAS,Instalações e Equipamentos Metalúrgicos,Instalações e Equipamentos Metalúrgicos,Equipamentos Metalúrgicos
ENGENHARIAS,Instalações e Equipamentos Metalúrgicos,Instalações e Equipamentos Metalúrgicos,Instalações Metalúrgicas
ENGENHARIAS,Processos de Fabricação,Processos de Fabricação,Usinagem
ENGENHARIAS,Telecomunicações,Telecomunicações,Teoria Eletromagnetica\, Microondas\, Propagação de Ondas\, Antenas
ENGENHARIAS,Materiais Elétricos,Materiais Elétricos,Materiais e Componentes Semicondutores
ENGENHARIAS,Projetos de Máquinas,Projetos de Máquinas,Métodos de Síntese e Otimização Aplicados ao Projeto Mecânico
ENGENHARIAS,Mecânica dos Sólidos,Mecânica dos Sólidos,Dinâmica dos Corpos Rígidos\, Elásticos e Plásticos
ENGENHARIAS,Circuitos Elétricos\, Magnéticos e Eletrônicos,Circuitos Elétricos\, Magnéticos e Eletrônicos,Circuitos Magnéticos \, Magnetismos e Eletromagnetismos
ENGENHARIAS,Materiais Não-Metálicos,Materiais Não-Metálicos,Cerâmicos
ENGENHARIAS,Materiais Não-Metálicos,Materiais Não-Metálicos,
ENGENHARIAS,Materiais Não-Metálicos,Materiais Não-Metálicos,Cerâmicos
ENGENHARIAS,,,
ENGENHARIAS,,,
ENGENHARIAS,Materiais Não-Metálicos,Materiais Não-Metálicos,Cerâmicos
CIENCIAS_AGRARIAS,Engenharia de Alimentos,Engenharia de Alimentos,Instalações Industriais de Produção de Alimentos
CIENCIAS_AGRARIAS,Tecnologia de Alimentos,Tecnologia de Alimentos,Tecnologia de Produtos de Origem Animal
ENGENHARIAS,Tecnologia Química,Tecnologia Química,Alimentos
CIENCIAS_HUMANAS,,,
CIENCIAS_HUMANAS,Ensino-Aprendizagem,Ensino-Aprendizagem,
CIENCIAS_HUMANAS,,,
CIENCIAS_AGRARIAS,Fitossanidade,Fitossanidade,Entomologia Agrícola
CIENCIAS_BIOLOGICAS,Ecologia de Ecossistemas,Ecologia de Ecossistemas,Interação Multitrófica
CIENCIAS_EXATAS_E_DA_TERRA,Química Inorgânica,Química Inorgânica,Campos de Coordenação
CIENCIAS_EXATAS_E_DA_TERRA,Físico-Química,Físico-Química,Eletroquímica
CIENCIAS_EXATAS_E_DA_TERRA,Físico-Química,Físico-Química,Espectroscopia
CIENCIAS_EXATAS_E_DA_TERRA,Química Analítica,Química Analítica,Análise de Traços e Química Ambiental
CIENCIAS_EXATAS_E_DA_TERRA,Físico-Química,Físico-Química,Eletroquímica
ENGENHARIAS,Metalurgia Física,Metalurgia Física,Corrosão
ENGENHARIAS,Construção Civil,Construção Civil,Materiais e Componentes de Construção
ENGENHARIAS,Infra-Estrutura de Transportes,Infra-Estrutura de Transportes,Rodovias; Projeto e Construção
ENGENHARIAS,Metalurgia Física,Metalurgia Física,Corrosão
ENGENHARIAS,Construção Civil,Construção Civil,Materiais e Componentes de Construção
ENGENHARIAS,,,
ENGENHARIAS,Construção Civil,Construção Civil,
ENGENHARIAS,Estruturas,Estruturas,
ENGENHARIAS,Infra-Estrutura de Transportes,Infra-Estrutura de Transportes,
ENGENHARIAS,Gerência de Produção,Gerência de Produção,Suprimentos
ENGENHARIAS,Gerência de Produção,Gerência de Produção,Planejamento\, Projeto e Controle de Sistemas de Produção
CIENCIAS_SOCIAIS_APLICADAS,Administração de Setores Específicos,Administração de Setores Específicos,Logística
CIENCIAS_BIOLOGICAS,Fisiologia de Órgãos e Sistemas,Fisiologia de Órgãos e Sistemas,Fisiologia Endócrina
CIENCIAS_BIOLOGICAS,Histologia,Histologia,
ENGENHARIAS,,,
CIENCIAS_BIOLOGICAS,Fisiologia de Órgãos e Sistemas,Fisiologia de Órgãos e Sistemas,Fisiologia Endócrina
CIENCIAS_BIOLOGICAS,Histologia,Histologia,
ENGENHARIAS,,,
ENGENHARIAS,Estruturas,Estruturas,Estruturas de Concreto
ENGENHARIAS,Estruturas,Estruturas,
ENGENHARIAS,,,
ENGENHARIAS,Estruturas,Estruturas,
ENGENHARIAS,Monitorização de Estruturas,Monitorização de Estruturas,
ENGENHARIAS,Mecânica dos Sólidos Experimental,Mecânica dos Sólidos Experimental,
ENGENHARIAS,Mecânica das Estruturas,Mecânica das Estruturas,
ENGENHARIAS,,,
ENGENHARIAS,Telecomunicações,Telecomunicações,
ENGENHARIAS,,,
CIENCIAS_SOCIAIS_APLICADAS,Projeto de Arquitetura e Urbanismo,Projeto de Arquitetura e Urbanismo,Planejamento e Projeto do Equipamento
CIENCIAS_SOCIAIS_APLICADAS,Projeto de Arquitetura e Urbanismo,Projeto de Arquitetura e Urbanismo,Planejamento e Projetos da Edificação
CIENCIAS_HUMANAS,,,
ENGENHARIAS,,,
CIENCIAS_SOCIAIS_APLICADAS,,,
CIENCIAS_SOCIAIS_APLICADAS,,,
ENGENHARIAS,,,
ENGENHARIAS,Sistemas Elétricos de Potência,Sistemas Elétricos de Potência,Medição\, Controle\, Correção e Proteção de Sistemas Elétricos  de Potência
ENGENHARIAS,Sistemas Elétricos de Potência,Sistemas Elétricos de Potência,Medição\, Controle\, Correção e Proteção de Sistemas Elétricos  de Potência
CIENCIAS_AGRARIAS,Ciência do Solo,Ciência do Solo,Física do Solo
CIENCIAS_AGRARIAS,Ciência do Solo,Ciência do Solo,Manejo e Conservação do Solo
CIENCIAS_EXATAS_E_DA_TERRA,Química Analítica,Química Analítica,
CIENCIAS_EXATAS_E_DA_TERRA,Química Analítica,Química Analítica,Gravimetria
CIENCIAS_EXATAS_E_DA_TERRA,Química Analítica,Química Analítica,
CIENCIAS_EXATAS_E_DA_TERRA,,,
CIENCIAS_EXATAS_E_DA_TERRA,Química Analítica,Química Analítica,Análise Térmica
CIENCIAS_HUMANAS,Ensino-Aprendizagem,Ensino-Aprendizagem,ENSINO DE CIÊNCIAS E MATEMÁTICA
